place_name,region,menu_name,menu_price,address,url,allergy
일신기사식당,청파동,순두부,8000,서울 용산구 청파동2가 1-146,https://pcmap.place.naver.com/place/18717848,땅콩/대두
일신기사식당,청파동,삼계탕,10000,서울 용산구 청파동2가 1-146,https://pcmap.place.naver.com/place/18717848,고기
일신기사식당,청파동,불고기백반,12000,서울 용산구 청파동2가 1-146,https://pcmap.place.naver.com/place/18717848,고기
정,청파동,매운맛 탕수육(소),17000,서울 용산구 청파동2가 67-6,https://pcmap.place.naver.com/place/11600155,"밀, 고기"
정,청파동,고추간짜장,8500,서울 용산구 청파동2가 67-6,https://pcmap.place.naver.com/place/11600155,"밀, 고기"
정,청파동,탕수육(소),16000,서울 용산구 청파동2가 67-6,https://pcmap.place.naver.com/place/11600155,"밀, 고기"
정,청파동,깐풍기(소),25000,서울 용산구 청파동2가 67-6,https://pcmap.place.naver.com/place/11600155,고기
정,청파동,삼선짬뽕,12000,서울 용산구 청파동2가 67-6,https://pcmap.place.naver.com/place/11600155,밀
정,청파동,고추짜장,7500,서울 용산구 청파동2가 67-6,https://pcmap.place.naver.com/place/11600155,밀
정,청파동,전가복,28000,서울 용산구 청파동2가 67-6,https://pcmap.place.naver.com/place/11600155,"달걀, 고기"
정,청파동,홍소탕면,12000,서울 용산구 청파동2가 67-6,https://pcmap.place.naver.com/place/11600155,"밀, 고기"
와플하우스,청파동,딸기빙수,13000,서울 용산구 청파동2가 71-75,https://pcmap.place.naver.com/place/11620882,"우유"
와플하우스,청파동,와플,4000,서울 용산구 청파동2가 71-75,https://pcmap.place.naver.com/place/11620882,"밀, 우유"
와플하우스,청파동,카라멜라떼,4800,서울 용산구 청파동2가 71-75,https://pcmap.place.naver.com/place/11620882,우유
와플하우스,청파동,바닐라라떼,4800,서울 용산구 청파동2가 71-75,https://pcmap.place.naver.com/place/11620882,우유
와플하우스,청파동,카페라떼,4500,서울 용산구 청파동2가 71-75,https://pcmap.place.naver.com/place/11620882,우유
와플하우스,청파동,헤이즐넛아메리카노,4100,서울 용산구 청파동2가 71-75,https://pcmap.place.naver.com/place/11620882,없음
와플하우스,청파동,아메리카노,3800,서울 용산구 청파동2가 71-75,https://pcmap.place.naver.com/place/11620882,없음
와플하우스,청파동,에그버거,5500,서울 용산구 청파동2가 71-75,https://pcmap.place.naver.com/place/11620882,"달걀, 밀"
와플하우스,청파동,불고기버거,6800,서울 용산구 청파동2가 71-75,https://pcmap.place.naver.com/place/11620882,"밀, 고기"
와플하우스,청파동,커피쉐이크,4800,서울 용산구 청파동2가 71-75,https://pcmap.place.naver.com/place/11620882,우유
와플하우스,청파동,청포도에이드,4500,서울 용산구 청파동2가 71-75,https://pcmap.place.naver.com/place/11620882,없음
와플하우스,청파동,베리베리에이드,4500,서울 용산구 청파동2가 71-75,https://pcmap.place.naver.com/place/11620882,없음
와플하우스,청파동,요크셔밀크티,4800,서울 용산구 청파동2가 71-75,https://pcmap.place.naver.com/place/11620882,우유
쌍대포소금구이,청파동,일삼꼬들,20000,서울 용산구 청파동2가 95,https://pcmap.place.naver.com/place/11711391,고기
쌍대포소금구이,청파동,한방껍데기,8000,서울 용산구 청파동2가 95,https://pcmap.place.naver.com/place/11711391,고기
쌍대포소금구이,청파동,생오겹,18000,서울 용산구 청파동2가 95,https://pcmap.place.naver.com/place/11711391,고기
쌍대포소금구이,청파동,생삼겹살,18000,서울 용산구 청파동2가 95,https://pcmap.place.naver.com/place/11711391,고기
쌍대포소금구이,청파동,통갈매기살,18000,서울 용산구 청파동2가 95,https://pcmap.place.naver.com/place/11711391,고기
쌍대포소금구이,청파동,항정살,18000,서울 용산구 청파동2가 95,https://pcmap.place.naver.com/place/11711391,고기
쌍대포소금구이,청파동,대구막창,18000,서울 용산구 청파동2가 95,https://pcmap.place.naver.com/place/11711391,고기
쌍대포소금구이,청파동,양념돼지갈비,18000,서울 용산구 청파동2가 95,https://pcmap.place.naver.com/place/11711391,고기
쌍대포소금구이,청파동,차돌된장밥,12000,서울 용산구 청파동2가 95,https://pcmap.place.naver.com/place/11711391,"땅콩/대두, 고기"
쌍대포소금구이,청파동,순두부찌개,10000,서울 용산구 청파동2가 95,https://pcmap.place.naver.com/place/11711391,땅콩/대두
쌍대포소금구이,청파동,차돌 된장찌개,7000,서울 용산구 청파동2가 95,https://pcmap.place.naver.com/place/11711391,"땅콩/대두, 고기"
쌍대포소금구이,청파동,생고기김치찌개,12000,서울 용산구 청파동2가 95,https://pcmap.place.naver.com/place/11711391,없음
쌍대포소금구이,청파동,치즈 계란말이,12000,서울 용산구 청파동2가 95,https://pcmap.place.naver.com/place/11711391,"달걀, 우유"
삼정카페,청파동,삼정프렌치토스트,11500,서울 용산구 청파동3가 132-48,https://pcmap.place.naver.com/place/37160501,밀
삼정카페,청파동,토마토스튜,7500,서울 용산구 청파동3가 132-48,https://pcmap.place.naver.com/place/37160501,우유
삼정카페,청파동,스탠다드샌드위치,7500,서울 용산구 청파동3가 132-48,https://pcmap.place.naver.com/place/37160501,밀
삼정카페,청파동,베이직프렌치토스트,8500,서울 용산구 청파동3가 132-48,https://pcmap.place.naver.com/place/37160501,밀
삼정카페,청파동,아이스크림 프렌치토스트,9500,서울 용산구 청파동3가 132-48,https://pcmap.place.naver.com/place/37160501,"밀, 우유"
삼정카페,청파동,바나나푸딩토스트,11000,서울 용산구 청파동3가 132-48,https://pcmap.place.naver.com/place/37160501,"밀, 우유"
삼정카페,청파동,트리플치즈프렌치토스트,11000,서울 용산구 청파동3가 132-48,https://pcmap.place.naver.com/place/37160501,"밀, 우유"
삼정카페,청파동,잠봉프렌치토스트,12500,서울 용산구 청파동3가 132-48,https://pcmap.place.naver.com/place/37160501,밀
까치네,청파동,쫄면순두부,8500,서울 용산구 청파동3가 24-71,https://pcmap.place.naver.com/place/1027383007,"밀, 땅콩/대두"
까치네,청파동,치킨+돈가스+쫄순,14000,서울 용산구 청파동3가 24-71,https://pcmap.place.naver.com/place/1027383007,"달걀, 밀, 고기"
까치네,청파동,쫄순+치즈알밥,13000,서울 용산구 청파동3가 24-71,https://pcmap.place.naver.com/place/1027383007,우유
까치네,청파동,돈가스+냉면,13000,서울 용산구 청파동3가 24-71,https://pcmap.place.naver.com/place/1027383007,"달걀, 밀"
까치네,청파동,돈가스+순두부,13000,서울 용산구 청파동3가 24-71,https://pcmap.place.naver.com/place/1027383007,"달걀, 밀, 땅콩/대두"
까치네,청파동,치킨가스+쫄순,13000,서울 용산구 청파동3가 24-71,https://pcmap.place.naver.com/place/1027383007,"밀, 고기"
까치네,청파동,돈가스,11000,서울 용산구 청파동3가 24-71,https://pcmap.place.naver.com/place/1027383007,"달걀, 밀"
까치네,청파동,김치볶음밥,9000,서울 용산구 청파동3가 24-71,https://pcmap.place.naver.com/place/1027383007,없음
까치네,청파동,오므라이스,9000,서울 용산구 청파동3가 24-71,https://pcmap.place.naver.com/place/1027383007,없음
까치네,청파동,제육덮밥,10000,서울 용산구 청파동3가 24-71,https://pcmap.place.naver.com/place/1027383007,고기
까치네,청파동,알밥,9000,서울 용산구 청파동3가 24-71,https://pcmap.place.naver.com/place/1027383007,없음
까치네,청파동,치즈알밥,9000,서울 용산구 청파동3가 24-71,https://pcmap.place.naver.com/place/1027383007,우유
버거인,청파동,지못미버거,8500,서울 용산구 청파동3가 44,https://pcmap.place.naver.com/place/36314854,"밀, 고기"
버거인,청파동,더블버거,10000,서울 용산구 청파동3가 44,https://pcmap.place.naver.com/place/36314854,"밀, 고기"
버거인,청파동,에그뿜뿜,5000,서울 용산구 청파동3가 44,https://pcmap.place.naver.com/place/36314854,"밀, 고기, 달걀"
버거인,청파동,하와이안버거,8500,서울 용산구 청파동3가 44,https://pcmap.place.naver.com/place/36314854,"밀, 고기"
버거인,청파동,싱글버거,8000,서울 용산구 청파동3가 44,https://pcmap.place.naver.com/place/36314854,"밀, 고기"
두리식당,청파동,된장찌개,6000,서울 용산구 청파동3가 50-1,https://pcmap.place.naver.com/place/18718055,땅콩/대두
두리식당,청파동,김치찌개,7000,서울 용산구 청파동3가 50-1,https://pcmap.place.naver.com/place/18718055,없음
두리식당,청파동,동태찌개,8000,서울 용산구 청파동3가 50-1,https://pcmap.place.naver.com/place/18718055,밀
두리식당,청파동,부대찌개,8000,서울 용산구 청파동3가 50-1,https://pcmap.place.naver.com/place/18718055,밀
해바라기정육식당,청파동,소한마리 1kg,65000,서울 용산구 청파동2가 92,https://pcmap.place.naver.com/place/1714717321,고기
해바라기정육식당,청파동,소반마리 500g,40000,서울 용산구 청파동2가 92,https://pcmap.place.naver.com/place/1714717321,고기
해바라기정육식당,청파동,소돼지 1kg,60000,서울 용산구 청파동2가 92,https://pcmap.place.naver.com/place/1714717321,고기
해바라기정육식당,청파동,등심 200g,23000,서울 용산구 청파동2가 92,https://pcmap.place.naver.com/place/1714717321,고기
해바라기정육식당,청파동,갈비살 200g,20000,서울 용산구 청파동2가 92,https://pcmap.place.naver.com/place/1714717321,고기
해바라기정육식당,청파동,우삼겹 200g,18000,서울 용산구 청파동2가 92,https://pcmap.place.naver.com/place/1714717321,고기
해바라기정육식당,청파동,육회 200g,22000,서울 용산구 청파동2가 92,https://pcmap.place.naver.com/place/1714717321,고기
해바라기정육식당,청파동,육회 100g,11000,서울 용산구 청파동2가 92,https://pcmap.place.naver.com/place/1714717321,고기
해바라기정육식당,청파동,돼지한마리 1kg,52000,서울 용산구 청파동2가 92,https://pcmap.place.naver.com/place/1714717321,고기
해바라기정육식당,청파동,돼지반마리 500g,30000,서울 용산구 청파동2가 92,https://pcmap.place.naver.com/place/1714717321,고기
해바라기정육식당,청파동,생삼겹 200g,15000,서울 용산구 청파동2가 92,https://pcmap.place.naver.com/place/1714717321,고기
해바라기정육식당,청파동,오겹살 200g,15000,서울 용산구 청파동2가 92,https://pcmap.place.naver.com/place/1714717321,고기
해바라기정육식당,청파동,항정살 200g,15000,서울 용산구 청파동2가 92,https://pcmap.place.naver.com/place/1714717321,고기
해바라기정육식당,청파동,생목살 200g,14000,서울 용산구 청파동2가 92,https://pcmap.place.naver.com/place/1714717321,고기
해바라기정육식당,청파동,돼지양념구이 300g,15000,서울 용산구 청파동2가 92,https://pcmap.place.naver.com/place/1714717321,고기
양평매운탕,청파동,빠가+메기 특대,70000,서울 용산구 청파동1가 149-2,https://pcmap.place.naver.com/place/19882498,없음
양평매운탕,청파동,빠가사리 특,60000,서울 용산구 청파동1가 149-2,https://pcmap.place.naver.com/place/19882498,없음
양평매운탕,청파동,메기 특,50000,서울 용산구 청파동1가 149-2,https://pcmap.place.naver.com/place/19882498,없음
양평매운탕,청파동,빙어튀김,15000,서울 용산구 청파동1가 149-2,https://pcmap.place.naver.com/place/19882498,밀
부암동치킨,청파동,후라이드치킨,22000,서울 용산구 청파동3가 111-35,https://pcmap.place.naver.com/place/31413184,고기
부암동치킨,청파동,매콤 양념치킨,23000,서울 용산구 청파동3가 111-35,https://pcmap.place.naver.com/place/31413184,고기
부암동치킨,청파동,골뱅이 국수,24000,서울 용산구 청파동3가 111-35,https://pcmap.place.naver.com/place/31413184,밀
부암동치킨,청파동,부산오뎅탕,22000,서울 용산구 청파동3가 111-35,https://pcmap.place.naver.com/place/31413184,없음
부암동치킨,청파동,닭모래집,15000,서울 용산구 청파동3가 111-35,https://pcmap.place.naver.com/place/31413184,고기
굴다리소곱창,청파동,소곱창,25000,서울 용산구 청파동3가 48-4,https://pcmap.place.naver.com/place/18718329,고기
굴다리소곱창,청파동,대창,25000,서울 용산구 청파동3가 48-4,https://pcmap.place.naver.com/place/18718329,고기
굴다리소곱창,청파동,염통,20000,서울 용산구 청파동3가 48-4,https://pcmap.place.naver.com/place/18718329,고기
가야해장 용산본점,청파동,맑은 소뼈해장국,11000,서울 용산구 청파동2가 96-1,https://pcmap.place.naver.com/place/1993977929,고기
가야해장 용산본점,청파동,얼큰 소뼈해장국,11000,서울 용산구 청파동2가 96-1,https://pcmap.place.naver.com/place/1993977929,고기
가야해장 용산본점,청파동,보양곰탕,11000,서울 용산구 청파동2가 96-1,https://pcmap.place.naver.com/place/1993977929,고기
가야해장 용산본점,청파동,한우곱창국밥,15000,서울 용산구 청파동2가 96-1,https://pcmap.place.naver.com/place/1993977929,고기
가야해장 용산본점,청파동,한우곱창전골(대),48000,서울 용산구 청파동2가 96-1,https://pcmap.place.naver.com/place/1993977929,"달걀, 고기"
가야해장 용산본점,청파동,한우곱창전골(중),38000,서울 용산구 청파동2가 96-1,https://pcmap.place.naver.com/place/1993977929,"달걀, 고기"
가야해장 용산본점,청파동,소뼈구이,18000,서울 용산구 청파동2가 96-1,https://pcmap.place.naver.com/place/1993977929,고기
가야해장 용산본점,청파동,오징어양볶음,10000,서울 용산구 청파동2가 96-1,https://pcmap.place.naver.com/place/1993977929,없음
가야해장 용산본점,청파동,육회,10000,서울 용산구 청파동2가 96-1,https://pcmap.place.naver.com/place/1993977929,고기
가야해장 용산본점,청파동,한우떡갈비(한접시),10000,서울 용산구 청파동2가 96-1,https://pcmap.place.naver.com/place/1993977929,"밀, 고기"
가야해장 용산본점,청파동,한우떡갈비(반접시),6000,서울 용산구 청파동2가 96-1,https://pcmap.place.naver.com/place/1993977929,"밀, 고기"
금강산,청파동,홍어사시미,50000,서울 용산구 청파동2가 114-3,https://pcmap.place.naver.com/place/13326495,없음
금강산,청파동,묵은지생삼겹,17000,서울 용산구 청파동2가 114-3,https://pcmap.place.naver.com/place/13326495,"땅콩/대두, 고기"
금강산,청파동,묵은지감자탕 대,48000,서울 용산구 청파동2가 114-3,https://pcmap.place.naver.com/place/13326495,땅콩/대두
금강산,청파동,우거지감자탕 대,45000,서울 용산구 청파동2가 114-3,https://pcmap.place.naver.com/place/13326495,없음
금강산,청파동,묵은지 생고기찜,12000,서울 용산구 청파동2가 114-3,https://pcmap.place.naver.com/place/13326495,땅콩/대두
금강산,청파동,들깨 묵은지 생고기찜,12000,서울 용산구 청파동2가 114-3,https://pcmap.place.naver.com/place/13326495,땅콩/대두
금강산,청파동,우거지뼈해장국,10000,서울 용산구 청파동2가 114-3,https://pcmap.place.naver.com/place/13326495,없음
금강산,청파동,청국장,12000,서울 용산구 청파동2가 114-3,https://pcmap.place.naver.com/place/13326495,땅콩/대두
금강산,청파동,제육볶음,10000,서울 용산구 청파동2가 114-3,https://pcmap.place.naver.com/place/13326495,고기
금강산,청파동,김치찌개,10000,서울 용산구 청파동2가 114-3,https://pcmap.place.naver.com/place/13326495,없음
금강산,청파동,돼지 된장찌개,11000,서울 용산구 청파동2가 114-3,https://pcmap.place.naver.com/place/13326495,"땅콩/대두, 고기"
금강산,청파동,바지락 된장찌개,10000,서울 용산구 청파동2가 114-3,https://pcmap.place.naver.com/place/13326495,땅콩/대두
더함,청파동,전통육개장,11000,서울 용산구 청파동2가 71-88,https://pcmap.place.naver.com/place/13586350,"달걀, 고기"
더함,청파동,해물순두부,11000,서울 용산구 청파동2가 71-88,https://pcmap.place.naver.com/place/13586350,땅콩/대두
더함,청파동,전복장비빔밥,11000,서울 용산구 청파동2가 71-88,https://pcmap.place.naver.com/place/13586350,달걀
더함,청파동,새우장정식,12000,서울 용산구 청파동2가 71-88,https://pcmap.place.naver.com/place/13586350,갑각류
더함,청파동,차돌편채,26000,서울 용산구 청파동2가 71-88,https://pcmap.place.naver.com/place/13586350,고기
더함,청파동,생선구이,12000,서울 용산구 청파동2가 71-88,https://pcmap.place.naver.com/place/13586350,없음
더함,청파동,샐러드,7000,서울 용산구 청파동2가 71-88,https://pcmap.place.naver.com/place/13586350,없음
더함,청파동,고추장맥적,24000,서울 용산구 청파동2가 71-88,https://pcmap.place.naver.com/place/13586350,땅콩/대두
와우신내떡,청파동,와우홀릭세트(2인)(떡볶이+트리플치즈+갈릭후라이+참치주먹밥+양동이콜라),14900,서울 용산구 청파동3가 24-73,https://pcmap.place.naver.com/place/34937184,"밀,우유"
와우신내떡,청파동,와우떡볶이(밀떡+조랭이떡),4500,서울 용산구 청파동3가 24-73,https://pcmap.place.naver.com/place/34937184,밀
와우신내떡,청파동,혼떡만찬세트(떡볶이+트리플치즈+갈릭후라이+콜라),8900,서울 용산구 청파동3가 24-73,https://pcmap.place.naver.com/place/34937184,"밀,우유"
달인수제한방족발,청파동,보쌈,32000,서울 용산구 청파동3가 84-4,https://pcmap.place.naver.com/place/31542967,고기
달인수제한방족발,청파동,매운족발,36000,서울 용산구 청파동3가 84-4,https://pcmap.place.naver.com/place/31542967,고기
달인수제한방족발,청파동,반반족발,36000,서울 용산구 청파동3가 84-4,https://pcmap.place.naver.com/place/31542967,고기
달인수제한방족발,청파동,막국수(소),7000,서울 용산구 청파동3가 84-4,https://pcmap.place.naver.com/place/31542967,"밀, 고기"
달인수제한방족발,청파동,막국수(대),12000,서울 용산구 청파동3가 84-4,https://pcmap.place.naver.com/place/31542967,밀
달인수제한방족발,청파동,고기녹두전,10000,서울 용산구 청파동3가 84-4,https://pcmap.place.naver.com/place/31542967,달걀
달인수제한방족발,청파동,골뱅이무침,15000,서울 용산구 청파동3가 84-4,https://pcmap.place.naver.com/place/31542967,"밀, 고기"
달인수제한방족발,청파동,매운미니족발,18000,서울 용산구 청파동3가 84-4,https://pcmap.place.naver.com/place/31542967,고기
달인수제한방족발,청파동,냉묵사발,5000,서울 용산구 청파동3가 84-4,https://pcmap.place.naver.com/place/31542967,땅콩/대두
달인수제한방족발,청파동,잔치국수,5000,서울 용산구 청파동3가 84-4,https://pcmap.place.naver.com/place/31542967,밀
달인수제한방족발,청파동,미니족발,17000,서울 용산구 청파동3가 84-4,https://pcmap.place.naver.com/place/31542967,고기
바다잔치,청파동,활어모듬 대,80000,서울 용산구 청파동1가 140-2,https://pcmap.place.naver.com/place/18135585,없음
바다잔치,청파동,활어모듬 중,50000,서울 용산구 청파동1가 140-2,https://pcmap.place.naver.com/place/18135585,없음
바다잔치,청파동,광어 대,50000,서울 용산구 청파동1가 140-2,https://pcmap.place.naver.com/place/18135585,없음
바다잔치,청파동,광어 중,45000,서울 용산구 청파동1가 140-2,https://pcmap.place.naver.com/place/18135585,없음
바다잔치,청파동,우럭 대,60000,서울 용산구 청파동1가 140-2,https://pcmap.place.naver.com/place/18135585,없음
바다잔치,청파동,우럭 중,45000,서울 용산구 청파동1가 140-2,https://pcmap.place.naver.com/place/18135585,없음
바다잔치,청파동,놀래미,60000,서울 용산구 청파동1가 140-2,https://pcmap.place.naver.com/place/18135585,없음
바다잔치,청파동,농어,70000,서울 용산구 청파동1가 140-2,https://pcmap.place.naver.com/place/18135585,없음
바다잔치,청파동,해물볶음,20000,서울 용산구 청파동1가 140-2,https://pcmap.place.naver.com/place/18135585,없음
바다잔치,청파동,낙지,20000,서울 용산구 청파동1가 140-2,https://pcmap.place.naver.com/place/18135585,없음
달볶이,청파동,튀김세트,4000,서울 용산구 청파동2가 55-9,https://pcmap.place.naver.com/place/11822204,밀
달볶이,청파동,순대세트,5000,서울 용산구 청파동2가 55-9,https://pcmap.place.naver.com/place/11822204,고기
달볶이,청파동,김밥세트,4000,서울 용산구 청파동2가 55-9,https://pcmap.place.naver.com/place/11822204,달걀
달볶이,청파동,떡볶이,4000,서울 용산구 청파동2가 55-9,https://pcmap.place.naver.com/place/11822204,밀
달볶이,청파동,순대,5000,서울 용산구 청파동2가 55-9,https://pcmap.place.naver.com/place/11822204,고기
달볶이,청파동,튀김,3500,서울 용산구 청파동2가 55-9,https://pcmap.place.naver.com/place/11822204,밀
달볶이,청파동,꼬마김밥,3500,서울 용산구 청파동2가 55-9,https://pcmap.place.naver.com/place/11822204,달걀
남영역찹쌀잉어빵,청파동,잉어빵 3마리,2000,서울 용산구 청파동3가 12-4,https://pcmap.place.naver.com/place/1033235457,밀
다이빙룸,청파동,레드라구 파스타,14900,서울 용산구 청파동3가 90-4,https://pcmap.place.naver.com/place/1202589603,밀
다이빙룸,청파동,치킨 스테이크,17900,서울 용산구 청파동3가 90-4,https://pcmap.place.naver.com/place/1202589603,고기
다이빙룸,청파동,비프 큐브 스테이크,22900,서울 용산구 청파동3가 90-4,https://pcmap.place.naver.com/place/1202589603,고기
다이빙룸,청파동,머쉬룸 파스타,14900,서울 용산구 청파동3가 90-4,https://pcmap.place.naver.com/place/1202589603,밀
다이빙룸,청파동,바질 페스토 파스타,14900,서울 용산구 청파동3가 90-4,https://pcmap.place.naver.com/place/1202589603,밀
다이빙룸,청파동,봉골레 파스타,8900,서울 용산구 청파동3가 90-4,https://pcmap.place.naver.com/place/1202589603,밀
다이빙룸,청파동,감바스 알 아히요,18900,서울 용산구 청파동3가 90-4,https://pcmap.place.naver.com/place/1202589603,갑각류
다이빙룸,청파동,치즈퐁듀칩스,8900,서울 용산구 청파동3가 90-4,https://pcmap.place.naver.com/place/1202589603,우유
다이빙룸,청파동,레드라구 칩스,9900,서울 용산구 청파동3가 90-4,https://pcmap.place.naver.com/place/1202589603,없음
다이빙룸,청파동,페퍼로니 칩스,9900,서울 용산구 청파동3가 90-4,https://pcmap.place.naver.com/place/1202589603,없음
동아냉면,청파동,만두,5000,서울 용산구 청파동3가 24-24,https://pcmap.place.naver.com/place/33878557,밀
동아냉면,청파동,물냉면,8000,서울 용산구 청파동3가 24-24,https://pcmap.place.naver.com/place/33878557,밀
동아냉면,청파동,비빔냉면,8000,서울 용산구 청파동3가 24-24,https://pcmap.place.naver.com/place/33878557,밀
베나레스,청파동,버터치킨,9800,서울 용산구 청파동2가 76-2,https://pcmap.place.naver.com/place/20510788,"고기, 우유"
베나레스,청파동,치킨티카마살라,9800,서울 용산구 청파동2가 76-2,https://pcmap.place.naver.com/place/20510788,고기
베나레스,청파동,램 빈달루,10500,서울 용산구 청파동2가 76-2,https://pcmap.place.naver.com/place/20510788,고기
베나레스,청파동,탄두리 치킨 비리야니,11500,서울 용산구 청파동2가 76-2,https://pcmap.place.naver.com/place/20510788,고기
베나레스,청파동,탄두리 치킨,10000,서울 용산구 청파동2가 76-2,https://pcmap.place.naver.com/place/20510788,고기
베나레스,청파동,마늘난,2500,서울 용산구 청파동2가 76-2,https://pcmap.place.naver.com/place/20510788,밀
베나레스,청파동,버터난,2500,서울 용산구 청파동2가 76-2,https://pcmap.place.naver.com/place/20510788,"밀,우유"
베나레스,청파동,플레인 난,2000,서울 용산구 청파동2가 76-2,https://pcmap.place.naver.com/place/20510788,밀
베나레스,청파동,샐러드 크림 프라타,10500,서울 용산구 청파동2가 76-2,https://pcmap.place.naver.com/place/20510788,우유
레이브피자,청파동,슈퍼 레이브,12800,서울 용산구 청파동3가 102,https://pcmap.place.naver.com/place/1420182118,없음
레이브피자,청파동,바질 마스카포네,21000,서울 용산구 청파동3가 102,https://pcmap.place.naver.com/place/1420182118,우유
레이브피자,청파동,치즈 엑스터시,22000,서울 용산구 청파동3가 102,https://pcmap.place.naver.com/place/1420182118,우유
레이브피자,청파동,애시드쉬림프 피자,22000,서울 용산구 청파동3가 102,https://pcmap.place.naver.com/place/1420182118,"갑각류, 밀"
레이브피자,청파동,누 레이브 피자,21000,서울 용산구 청파동3가 102,https://pcmap.place.naver.com/place/1420182118,밀
레이브피자,청파동,마가리따 피자,17500,서울 용산구 청파동3가 102,https://pcmap.place.naver.com/place/1420182118,밀
레이브피자,청파동,페퍼로니 피자,19500,서울 용산구 청파동3가 102,https://pcmap.place.naver.com/place/1420182118,밀
레이브피자,청파동,하와이안 피자,20500,서울 용산구 청파동3가 102,https://pcmap.place.naver.com/place/1420182118,밀
레이브피자,청파동,더블 치즈 베이컨,21000,서울 용산구 청파동3가 102,https://pcmap.place.naver.com/place/1420182118,"고기, 우유"
교촌치킨,청파동,교촌싱글윙,7900,서울 용산구 청파동2가 90-11,https://pcmap.place.naver.com/place/1805379721,고기
교촌치킨,청파동,레드싱글윙,7900,서울 용산구 청파동2가 90-11,https://pcmap.place.naver.com/place/1805379721,고기
교촌치킨,청파동,교촌옥수수순살 떡볶이세트,27000,서울 용산구 청파동2가 90-11,https://pcmap.place.naver.com/place/1805379721,"밀, 고기"
교촌치킨,청파동,교촌오리지날,20000,서울 용산구 청파동2가 90-11,https://pcmap.place.naver.com/place/1805379721,없음
교촌치킨,청파동,레드윙박스,22000,서울 용산구 청파동2가 90-11,https://pcmap.place.naver.com/place/1805379721,고기
교촌치킨,청파동,허니윙박스,22000,서울 용산구 청파동2가 90-11,https://pcmap.place.naver.com/place/1805379721,고기
교촌치킨,청파동,후라이드윙박스,22000,서울 용산구 청파동2가 90-11,https://pcmap.place.naver.com/place/1805379721,고기
교촌치킨,청파동,양념치킨윙박스,23000,서울 용산구 청파동2가 90-11,https://pcmap.place.naver.com/place/1805379721,고기
교촌치킨,청파동,허니오리지날,19000,서울 용산구 청파동2가 90-11,https://pcmap.place.naver.com/place/1805379721,없음
교촌치킨,청파동,교촌후라이드,21000,서울 용산구 청파동2가 90-11,https://pcmap.place.naver.com/place/1805379721,고기
교촌치킨,청파동,교촌양념치킨,22000,서울 용산구 청파동2가 90-11,https://pcmap.place.naver.com/place/1805379721,고기
교촌치킨,청파동,반반오리지날치킨,20000,서울 용산구 청파동2가 90-11,https://pcmap.place.naver.com/place/1805379721,고기
교촌치킨,청파동,허니순살치킨,13000,서울 용산구 청파동2가 90-11,https://pcmap.place.naver.com/place/1805379721,고기
교촌치킨,청파동,달걀듬뿍볶음밥,4500,서울 용산구 청파동2가 90-11,https://pcmap.place.naver.com/place/1805379721,달걀
츄르츄르라멘,청파동,츄라멘,7500,서울 용산구 청파동3가 104,https://pcmap.place.naver.com/place/1116654116,밀
츄르츄르라멘,청파동,차슈멘(2장),9000,서울 용산구 청파동3가 104,https://pcmap.place.naver.com/place/1116654116,고기
츄르츄르라멘,청파동,차슈멘(4장),10000,서울 용산구 청파동3가 104,https://pcmap.place.naver.com/place/1116654116,고기
츄르츄르라멘,청파동,연어스시 10P,15000,서울 용산구 청파동3가 104,https://pcmap.place.naver.com/place/1116654116,없음
츄르츄르라멘,청파동,신츄라멘,8500,서울 용산구 청파동3가 104,https://pcmap.place.naver.com/place/1116654116,밀
츄르츄르라멘,청파동,신차슈멘2,10000,서울 용산구 청파동3가 104,https://pcmap.place.naver.com/place/1116654116,고기
츄르츄르라멘,청파동,신차슈멘4,11000,서울 용산구 청파동3가 104,https://pcmap.place.naver.com/place/1116654116,고기
상록수,청파동,상록수연탄모둠,48000,서울 용산구 청파동2가 99-2,https://pcmap.place.naver.com/place/1090397990,없음
상록수,청파동,연탄파불고기,14000,서울 용산구 청파동2가 99-2,https://pcmap.place.naver.com/place/1090397990,고기
상록수,청파동,황지살,19000,서울 용산구 청파동2가 99-2,https://pcmap.place.naver.com/place/1090397990,없음
상록수,청파동,꽈배기생오겹,16000,서울 용산구 청파동2가 99-2,https://pcmap.place.naver.com/place/1090397990,고기
상록수,청파동,비빔수제비,8000,서울 용산구 청파동2가 99-2,https://pcmap.place.naver.com/place/1090397990,밀
상록수,청파동,역할맥st짜빠구리,8000,서울 용산구 청파동2가 99-2,https://pcmap.place.naver.com/place/1090397990,밀
상록수,청파동,시골청국장,7000,서울 용산구 청파동2가 99-2,https://pcmap.place.naver.com/place/1090397990,땅콩/대두
상록수,청파동,깍둑목살,16000,서울 용산구 청파동2가 99-2,https://pcmap.place.naver.com/place/1090397990,고기
상록수,청파동,생갈매기살,16000,서울 용산구 청파동2가 99-2,https://pcmap.place.naver.com/place/1090397990,고기
상록수,청파동,오이지냉국수,6000,서울 용산구 청파동2가 99-2,https://pcmap.place.naver.com/place/1090397990,밀
포36거리,청파동,히레가스(안심),9000,서울 용산구 청파동2가 64-28,https://pcmap.place.naver.com/place/39402518,"밀, 고기"
포36거리,청파동,포돈정식(양지 쌀국수+히레가스1줄),9500,서울 용산구 청파동2가 64-28,https://pcmap.place.naver.com/place/39402518,"밀, 고기"
포36거리,청파동,소고기쌀국수,8000,서울 용산구 청파동2가 64-28,https://pcmap.place.naver.com/place/39402518,갑각류
동대문엽기떡볶이 숙대입구점,청파동,엽기떡볶이,14000,서울 용산구 청파동3가 24-45,https://pcmap.place.naver.com/place/20288082,밀
동대문엽기떡볶이 숙대입구점,청파동,로제떡볶이,16000,서울 용산구 청파동3가 24-45,https://pcmap.place.naver.com/place/20288082,"밀, 우유"
동대문엽기떡볶이 숙대입구점,청파동,엽기닭볶음탕,24000,서울 용산구 청파동3가 24-45,https://pcmap.place.naver.com/place/20288082,고기
동대문엽기떡볶이 숙대입구점,청파동,엽기오돌뼈,14000,서울 용산구 청파동3가 24-45,https://pcmap.place.naver.com/place/20288082,없음
동대문엽기떡볶이 숙대입구점,청파동,엽기무뼈닭발,15000,서울 용산구 청파동3가 24-45,https://pcmap.place.naver.com/place/20288082,고기
동대문엽기떡볶이 숙대입구점,청파동,엽기국물닭발,15000,서울 용산구 청파동3가 24-45,https://pcmap.place.naver.com/place/20288082,고기
몽소,청파동,파니니빵,5500,서울 용산구 청파동2가 90-18,https://pcmap.place.naver.com/place/37564978,밀
몽소,청파동,쌀치즈카스테라,10000,서울 용산구 청파동2가 90-18,https://pcmap.place.naver.com/place/37564978,"밀, 우유"
몽소,청파동,쪽파베이글,5000,서울 용산구 청파동2가 90-18,https://pcmap.place.naver.com/place/37564978,밀
몽소,청파동,통밀빵,10000,서울 용산구 청파동2가 90-18,https://pcmap.place.naver.com/place/37564978,밀
몽소,청파동,무화과깜빠뉴,6000,서울 용산구 청파동2가 90-18,https://pcmap.place.naver.com/place/37564978,없음
몽소,청파동,꿀빵,10000,서울 용산구 청파동2가 90-18,https://pcmap.place.naver.com/place/37564978,밀
몽소,청파동,해남고구마맛탕빵,6500,서울 용산구 청파동2가 90-18,https://pcmap.place.naver.com/place/37564978,밀
몽소,청파동,아메리카노 hot,2500,서울 용산구 청파동2가 90-18,https://pcmap.place.naver.com/place/37564978,없음
몽소,청파동,카페라떼 hot,3500,서울 용산구 청파동2가 90-18,https://pcmap.place.naver.com/place/37564978,우유
몽소,청파동,바닐라라떼 hot,3500,서울 용산구 청파동2가 90-18,https://pcmap.place.naver.com/place/37564978,우유
몽소,청파동,카푸치노 hot,3500,서울 용산구 청파동2가 90-18,https://pcmap.place.naver.com/place/37564978,우유
몽소,청파동,카라멜라떼 hot,3500,서울 용산구 청파동2가 90-18,https://pcmap.place.naver.com/place/37564978,우유
몽소,청파동,아메리카노 ice,3000,서울 용산구 청파동2가 90-18,https://pcmap.place.naver.com/place/37564978,없음
몽소,청파동,카페라떼 ice,4000,서울 용산구 청파동2가 90-18,https://pcmap.place.naver.com/place/37564978,우유
네코노스시 숙대점,청파동,네코스시,18000,서울 용산구 청파동2가 67-2,https://pcmap.place.naver.com/place/1053376088,없음
네코노스시 숙대점,청파동,모듬초밥,14000,서울 용산구 청파동2가 67-2,https://pcmap.place.naver.com/place/1053376088,없음
네코노스시 숙대점,청파동,치킨가라아게,12000,서울 용산구 청파동2가 67-2,https://pcmap.place.naver.com/place/1053376088,"갑각류, 고기"
네코노스시 숙대점,청파동,활어초밥,24000,서울 용산구 청파동2가 67-2,https://pcmap.place.naver.com/place/1053376088,없음
네코노스시 숙대점,청파동,연어초밥,23000,서울 용산구 청파동2가 67-2,https://pcmap.place.naver.com/place/1053376088,없음
네코노스시 숙대점,청파동,카라동,9900,서울 용산구 청파동2가 67-2,https://pcmap.place.naver.com/place/1053376088,밀
네코노스시 숙대점,청파동,연어동,12900,서울 용산구 청파동2가 67-2,https://pcmap.place.naver.com/place/1053376088,밀
네코노스시 숙대점,청파동,네코동,12900,서울 용산구 청파동2가 67-2,https://pcmap.place.naver.com/place/1053376088,밀
포라임,청파동,차돌양지쌀국수+에그롤1+고구마롤2,8900,서울 용산구 청파동2가 55-1,https://pcmap.place.naver.com/place/33141786,"달걀, 밀, 고기"
포라임,청파동,차돌양지쌀국수+가라아게2+고구마롤1,9500,서울 용산구 청파동2가 55-1,https://pcmap.place.naver.com/place/33141786,"갑각류, 밀, 고기"
포라임,청파동,차돌양지쌀국수+짜조2+고구마롤1,9500,서울 용산구 청파동2가 55-1,https://pcmap.place.naver.com/place/33141786,"밀, 고기"
포라임,청파동,차돌양지쌀국수+스프링롤2+고구마롤1,9900,서울 용산구 청파동2가 55-1,https://pcmap.place.naver.com/place/33141786,"밀, 고기, 우유"
포라임,청파동,차돌양지쌀국수+직화불고기덮밥,10500,서울 용산구 청파동2가 55-1,https://pcmap.place.naver.com/place/33141786,"밀, 고기"
포라임,청파동,차돌양지쌀국수+꿔이1+연유,9500,서울 용산구 청파동2가 55-1,https://pcmap.place.naver.com/place/33141786,"밀, 고기, 우유"
포라임,청파동,차돌양지쌀국수+돈까스세트,10900,서울 용산구 청파동2가 55-1,https://pcmap.place.naver.com/place/33141786,"밀, 고기"
포라임,청파동,직화불고기덮밥+쌀국수 2인 세트,21900,서울 용산구 청파동2가 55-1,https://pcmap.place.naver.com/place/33141786,"밀, 고기"
포라임,청파동,파인애플새우볶음밥+쌀국수 2인 세트,22500,서울 용산구 청파동2가 55-1,https://pcmap.place.naver.com/place/33141786,"갑각류, 밀"
포라임,청파동,노미트 쌀국수,8500,서울 용산구 청파동2가 55-1,https://pcmap.place.naver.com/place/33141786,밀
포라임,청파동,양지쌀국수,8900,서울 용산구 청파동2가 55-1,https://pcmap.place.naver.com/place/33141786,밀
포라임,청파동,얼큰소고기쌀국수,10500,서울 용산구 청파동2가 55-1,https://pcmap.place.naver.com/place/33141786,"밀, 고기"
포라임,청파동,차돌양지쌀국수,9500,서울 용산구 청파동2가 55-1,https://pcmap.place.naver.com/place/33141786,"밀, 고기"
포라임,청파동,직화불고기쌀국수,10500,서울 용산구 청파동2가 55-1,https://pcmap.place.naver.com/place/33141786,"밀, 고기"
포라임,청파동,곱창힘줄쌀국수,13900,서울 용산구 청파동2가 55-1,https://pcmap.place.naver.com/place/33141786,"밀, 고기"
라리에또,청파동,리코타샐러드,8500,서울 용산구 청파동2가 60-1,https://pcmap.place.naver.com/place/13311230,우유
라리에또,청파동,아라비아따 펜네,12000,서울 용산구 청파동2가 60-1,https://pcmap.place.naver.com/place/13311230,없음
라리에또,청파동,토마토 조개 스파게티,13300,서울 용산구 청파동2가 60-1,https://pcmap.place.naver.com/place/13311230,"갑각류, 밀"
라리에또,청파동,마일드 토마토 새우 스파게티,14600,서울 용산구 청파동2가 60-1,https://pcmap.place.naver.com/place/13311230,"갑각류, 밀"
라리에또,청파동,치킨 토마토 스파게티,13800,서울 용산구 청파동2가 60-1,https://pcmap.place.naver.com/place/13311230,"갑각류, 밀, 고기"
라리에또,청파동,토마토 크림치즈 펜네,13200,서울 용산구 청파동2가 60-1,https://pcmap.place.naver.com/place/13311230,우유
육쌈냉면 숙대점,청파동,냉면+숯불고기,8500,서울 용산구 청파동3가 111-59,https://pcmap.place.naver.com/place/31357362,"밀, 고기"
육쌈냉면 숙대점,청파동,비빔밥+숯불고기,7900,서울 용산구 청파동3가 111-59,https://pcmap.place.naver.com/place/31357362,고기
육쌈냉면 숙대점,청파동,된장찌개,7900,서울 용산구 청파동3가 111-59,https://pcmap.place.naver.com/place/31357362,땅콩/대두
육쌈냉면 숙대점,청파동,김치찌개+숯불고기,7900,서울 용산구 청파동3가 111-59,https://pcmap.place.naver.com/place/31357362,고기
육쌈냉면 숙대점,청파동,고기만두,4000,서울 용산구 청파동3가 111-59,https://pcmap.place.naver.com/place/31357362,밀
숙대소반,청파동,쫄면순두부+돈가스,10000,서울 용산구 청파동3가 113-3,https://pcmap.place.naver.com/place/37392079,"달걀, 밀, 땅콩/대두"
숙대소반,청파동,쫄면순두부+치즈알밥,10000,서울 용산구 청파동3가 113-3,https://pcmap.place.naver.com/place/37392079,"밀, 땅콩/대두, 우유"
숙대소반,청파동,뚝제육,9000,서울 용산구 청파동3가 113-3,https://pcmap.place.naver.com/place/37392079,고기
숙대소반,청파동,뚝불고기,9500,서울 용산구 청파동3가 113-3,https://pcmap.place.naver.com/place/37392079,고기
숙대소반,청파동,부대찌개,9000,서울 용산구 청파동3가 113-3,https://pcmap.place.naver.com/place/37392079,밀
숙대소반,청파동,김치치즈밥,7500,서울 용산구 청파동3가 113-3,https://pcmap.place.naver.com/place/37392079,우유
숙대소반,청파동,돈가스,9000,서울 용산구 청파동3가 113-3,https://pcmap.place.naver.com/place/37392079,"달걀, 밀"
숙대소반,청파동,함박,8500,서울 용산구 청파동3가 113-3,https://pcmap.place.naver.com/place/37392079,고기
숙대소반,청파동,치즈알밥,7500,서울 용산구 청파동3가 113-3,https://pcmap.place.naver.com/place/37392079,우유
한끼마끼 숙대점,청파동,반끼베스트세트,12000,서울 용산구 청파동2가 60-17,https://pcmap.place.naver.com/place/1166438941,없음
한끼마끼 숙대점,청파동,살몬아보카도,11000,서울 용산구 청파동2가 60-17,https://pcmap.place.naver.com/place/1166438941,없음
한끼마끼 숙대점,청파동,유부베스트세트,9500,서울 용산구 청파동2가 60-17,https://pcmap.place.naver.com/place/1166438941,땅콩/대두
한끼마끼 숙대점,청파동,살몬러버유부세트,10000,서울 용산구 청파동2가 60-17,https://pcmap.place.naver.com/place/1166438941,땅콩/대두
한끼마끼 숙대점,청파동,유부베이직세트,8500,서울 용산구 청파동2가 60-17,https://pcmap.place.naver.com/place/1166438941,땅콩/대두
한끼마끼 숙대점,청파동,내맘대로초이스세트,11000,서울 용산구 청파동2가 60-17,https://pcmap.place.naver.com/place/1166438941,없음
한끼마끼 숙대점,청파동,생연어유부초밥,9000,서울 용산구 청파동2가 60-17,https://pcmap.place.naver.com/place/1166438941,땅콩/대두
한끼마끼 숙대점,청파동,우니이쿠라유부초밥,13000,서울 용산구 청파동2가 60-17,https://pcmap.place.naver.com/place/1166438941,땅콩/대두
한끼마끼 숙대점,청파동,해초샐러드유부초밥,8500,서울 용산구 청파동2가 60-17,https://pcmap.place.naver.com/place/1166438941,땅콩/대두
한끼마끼 숙대점,청파동,허브딜치킨유부초밥,8500,서울 용산구 청파동2가 60-17,https://pcmap.place.naver.com/place/1166438941,"땅콩/대두, 고기"
한끼마끼 숙대점,청파동,그릴드관자유부초밥,9500,서울 용산구 청파동2가 60-17,https://pcmap.place.naver.com/place/1166438941,땅콩/대두
한끼마끼 숙대점,청파동,낙지탕탕유부초밥,9500,서울 용산구 청파동2가 60-17,https://pcmap.place.naver.com/place/1166438941,땅콩/대두
샐러디 숙명여대점,청파동,로스트닭다리살 샐러드,9900,서울 용산구 청파동2가 63-5,https://pcmap.place.naver.com/place/1964695450,고기
샐러디 숙명여대점,청파동,칠리베이컨 포케볼,8600,서울 용산구 청파동2가 63-5,https://pcmap.place.naver.com/place/1964695450,고기
샐러디 숙명여대점,청파동,멕시칸 랩 샌드위치,7200,서울 용산구 청파동2가 63-5,https://pcmap.place.naver.com/place/1964695450,밀
샐러디 숙명여대점,청파동,에그베이컨 샌드,7400,서울 용산구 청파동2가 63-5,https://pcmap.place.naver.com/place/1964695450,"달걀, 고기"
샐러디 숙명여대점,청파동,바베큐닭다리살 샌드,9500,서울 용산구 청파동2가 63-5,https://pcmap.place.naver.com/place/1964695450,고기
샐러디 숙명여대점,청파동,그라브락스 연어 포케볼,11000,서울 용산구 청파동2가 63-5,https://pcmap.place.naver.com/place/1964695450,없음
샐러디 숙명여대점,청파동,로스트삼겹 포케볼,11000,서울 용산구 청파동2가 63-5,https://pcmap.place.naver.com/place/1964695450,고기
샐러디 숙명여대점,청파동,탄단지 샐러드,9500,서울 용산구 청파동2가 63-5,https://pcmap.place.naver.com/place/1964695450,없음
샐러디 숙명여대점,청파동,콥 샐러드,10500,서울 용산구 청파동2가 63-5,https://pcmap.place.naver.com/place/1964695450,없음
샐러디 숙명여대점,청파동,노릇두부단호박 샐러드,9500,서울 용산구 청파동2가 63-5,https://pcmap.place.naver.com/place/1964695450,땅콩/대두
샐러디 숙명여대점,청파동,그라브락스 연어 파스타 누들볼,11000,서울 용산구 청파동2가 63-5,https://pcmap.place.naver.com/place/1964695450,밀
샐러디 숙명여대점,청파동,우삼겹메밀면 누들볼,10500,서울 용산구 청파동2가 63-5,https://pcmap.place.naver.com/place/1964695450,"밀, 고기"
샐러디 숙명여대점,청파동,갈빗살메밀면 누들볼,11000,서울 용산구 청파동2가 63-5,https://pcmap.place.naver.com/place/1964695450,밀
샐러디 숙명여대점,청파동,우삼겹 포케볼,10500,서울 용산구 청파동2가 63-5,https://pcmap.place.naver.com/place/1964695450,고기
샐러디 숙명여대점,청파동,바베큐닭다리살 포케볼,10500,서울 용산구 청파동2가 63-5,https://pcmap.place.naver.com/place/1964695450,고기
샐러디 숙명여대점,청파동,더블 닭다리살 박스(도시락),11000,서울 용산구 청파동2가 63-5,https://pcmap.place.naver.com/place/1964695450,고기
샐러디 숙명여대점,청파동,더블 치킨 파스타 박스(도시락),11500,서울 용산구 청파동2가 63-5,https://pcmap.place.naver.com/place/1964695450,"밀, 고기"
샐러디 숙명여대점,청파동,더블 비프 박스(도시락),12000,서울 용산구 청파동2가 63-5,https://pcmap.place.naver.com/place/1964695450,없음
샐러디 숙명여대점,청파동,더블 삼겹 박스(도시락),12000,서울 용산구 청파동2가 63-5,https://pcmap.place.naver.com/place/1964695450,고기
샐러디 숙명여대점,청파동,에그마요 샌드,8500,서울 용산구 청파동2가 63-5,https://pcmap.place.naver.com/place/1964695450,달걀
샐러디 숙명여대점,청파동,치킨토마토 샌드,9500,서울 용산구 청파동2가 63-5,https://pcmap.place.naver.com/place/1964695450,고기
샐러디 숙명여대점,청파동,에그마요 랩 샌드위치,8500,서울 용산구 청파동2가 63-5,https://pcmap.place.naver.com/place/1964695450,"달걀, 밀"
샐러디 숙명여대점,청파동,멕시칸 랩 샌드위치,9000,서울 용산구 청파동2가 63-5,https://pcmap.place.naver.com/place/1964695450,밀
샐러디 숙명여대점,청파동,시저치킨 랩 샌드위치,9500,서울 용산구 청파동2가 63-5,https://pcmap.place.naver.com/place/1964695450,"밀, 고기"
샐러디 숙명여대점,청파동,그라브락스 연어 랩 샌드위치,9500,서울 용산구 청파동2가 63-5,https://pcmap.place.naver.com/place/1964695450,밀
샐러디 숙명여대점,청파동,로스트닭다리살 랩 샌드위치,9500,서울 용산구 청파동2가 63-5,https://pcmap.place.naver.com/place/1964695450,"밀, 고기"
샐러디 숙명여대점,청파동,마이 샐러디(채소볼),9000,서울 용산구 청파동2가 63-5,https://pcmap.place.naver.com/place/1964695450,고기
샐러디 숙명여대점,청파동,마이 샐러디(포케볼),9500,서울 용산구 청파동2가 63-5,https://pcmap.place.naver.com/place/1964695450,없음
샐러디 숙명여대점,청파동,마이 샐러디(메밀면볼),9500,서울 용산구 청파동2가 63-5,https://pcmap.place.naver.com/place/1964695450,밀
샐러디 숙명여대점,청파동,마이 샐러디(바질파스타볼),10000,서울 용산구 청파동2가 63-5,https://pcmap.place.naver.com/place/1964695450,밀
샐러디 숙명여대점,청파동,양송이 크림스프,4500,서울 용산구 청파동2가 63-5,https://pcmap.place.naver.com/place/1964695450,우유
샐러디 숙명여대점,청파동,단호박 크림스프,4500,서울 용산구 청파동2가 63-5,https://pcmap.place.naver.com/place/1964695450,우유
샐러디 숙명여대점,청파동,치킨토마토 스튜,6500,서울 용산구 청파동2가 63-5,https://pcmap.place.naver.com/place/1964695450,"고기, 우유"
샐러디 숙명여대점,청파동,포테이토 크림스프,4500,서울 용산구 청파동2가 63-5,https://pcmap.place.naver.com/place/1964695450,우유
키토리,청파동,키토리 김밥,6500,서울 용산구 청파동3가 109-30,https://pcmap.place.naver.com/place/1775521249,달걀
키토리,청파동,야채 듬뿍 샐러드 키토김밥,6800,서울 용산구 청파동3가 109-30,https://pcmap.place.naver.com/place/1775521249,달걀
키토리,청파동,와사비마요 참치 키토김밥,6500,서울 용산구 청파동3가 109-30,https://pcmap.place.naver.com/place/1775521249,달걀
키토리,청파동,새우튀김 키토김밥,6500,서울 용산구 청파동3가 109-30,https://pcmap.place.naver.com/place/1775521249,"달걀, 갑각류, 밀"
키토리,청파동,수제닭강정M,8000,서울 용산구 청파동3가 109-30,https://pcmap.place.naver.com/place/1775521249,고기
키토리,청파동,수제닭강정L,15000,서울 용산구 청파동3가 109-30,https://pcmap.place.naver.com/place/1775521249,고기
마시앤바시,청파동,백김치 크림 파스타,13000,서울 용산구 청파동3가 109-16,https://pcmap.place.naver.com/place/385441394,"밀, 우유"
마시앤바시,청파동,시금치 크림 파스타,13000,서울 용산구 청파동3가 109-16,https://pcmap.place.naver.com/place/385441394,"밀, 우유"
마시앤바시,청파동,차이나치킨,18000,서울 용산구 청파동3가 109-16,https://pcmap.place.naver.com/place/385441394,고기
또와또,청파동,또와떡불,8000,서울 용산구 청파동3가 111-23,https://pcmap.place.naver.com/place/21719367,밀
또와또,청파동,버섯떡불,8500,서울 용산구 청파동3가 111-23,https://pcmap.place.naver.com/place/21719367,밀
또와또,청파동,해물떡불,9000,서울 용산구 청파동3가 111-23,https://pcmap.place.naver.com/place/21719367,밀
또와또,청파동,모듬떡불,11000,서울 용산구 청파동3가 111-23,https://pcmap.place.naver.com/place/21719367,밀
또와또,청파동,야채즉석떡볶이,8000,서울 용산구 청파동3가 111-23,https://pcmap.place.naver.com/place/21719367,밀
또와또,청파동,치즈즉석떡볶이,8500,서울 용산구 청파동3가 111-23,https://pcmap.place.naver.com/place/21719367,"밀, 우유"
또와또,청파동,불고기즉석떡볶이,8500,서울 용산구 청파동3가 111-23,https://pcmap.place.naver.com/place/21719367,"밀, 고기"
또와또,청파동,해물즉석떡볶이,9000,서울 용산구 청파동3가 111-23,https://pcmap.place.naver.com/place/21719367,"밀,갑각류"
비일,청파동,바질리코타토마토 파스타,16000,서울 용산구 청파동2가 71-74,https://pcmap.place.naver.com/place/1824409156,"밀,우유"
비일,청파동,해산물 리조또,16000,서울 용산구 청파동2가 71-74,https://pcmap.place.naver.com/place/1824409156,"갑각류,우유"
탕화쿵푸마라탕 숙대점,청파동,마라탕,7000,서울 용산구 청파동2가 63-21,https://pcmap.place.naver.com/place/1541398664,밀
탕화쿵푸마라탕 숙대점,청파동,마라샹궈,15000,서울 용산구 청파동2가 63-21,https://pcmap.place.naver.com/place/1541398664,없음
탕화쿵푸마라탕 숙대점,청파동,꿔바로우小,10900,서울 용산구 청파동2가 63-21,https://pcmap.place.naver.com/place/1541398664,밀
탕화쿵푸마라탕 숙대점,청파동,꿔바로우大,17900,서울 용산구 청파동2가 63-21,https://pcmap.place.naver.com/place/1541398664,밀
춘리마라탕 숙대점,청파동,마라탕,9900,서울 용산구 청파동3가 26-15,https://pcmap.place.naver.com/place/1057601793,밀
춘리마라탕 숙대점,청파동,마라샹궈,15900,서울 용산구 청파동3가 26-15,https://pcmap.place.naver.com/place/1057601793,없음
타코비 숙명여대점,청파동,오리지널 타코야키(15알),8000,서울 용산구 청파동2가 71-40,https://pcmap.place.naver.com/place/729583733,밀
타코비 숙명여대점,청파동,갈릭치즈 타코야키(15알),8500,서울 용산구 청파동2가 71-40,https://pcmap.place.naver.com/place/729583733,"밀, 우유"
타코비 숙명여대점,청파동,와사비마요 타코야키(15알),8500,서울 용산구 청파동2가 71-40,https://pcmap.place.naver.com/place/729583733,밀
타코비 숙명여대점,청파동,치즈맛 타코야키(15알),8500,서울 용산구 청파동2가 71-40,https://pcmap.place.naver.com/place/729583733,"밀, 우유"
타코비 숙명여대점,청파동,명란마요 타코야키(15알),8500,서울 용산구 청파동2가 71-40,https://pcmap.place.naver.com/place/729583733,밀
타코비 숙명여대점,청파동,매운맛 타코야키(15알),8000,서울 용산구 청파동2가 71-40,https://pcmap.place.naver.com/place/729583733,밀
홍곱창 숙명여대점,청파동,데리야끼막창,16000,서울 용산구 청파동3가 107-31,https://pcmap.place.naver.com/place/457840624,고기
홍곱창 숙명여대점,청파동,야채곱창,15000,서울 용산구 청파동3가 107-31,https://pcmap.place.naver.com/place/457840624,고기
홍곱창 숙명여대점,청파동,핵마늘막창,19000,서울 용산구 청파동3가 107-31,https://pcmap.place.naver.com/place/457840624,고기
홍곱창 숙명여대점,청파동,불곱창,15000,서울 용산구 청파동3가 107-31,https://pcmap.place.naver.com/place/457840624,고기
홍곱창 숙명여대점,청파동,순대곱창,16000,서울 용산구 청파동3가 107-31,https://pcmap.place.naver.com/place/457840624,고기
홍곱창 숙명여대점,청파동,알곱창,19000,서울 용산구 청파동3가 107-31,https://pcmap.place.naver.com/place/457840624,고기
홍곱창 숙명여대점,청파동,치즈불곱창,18500,서울 용산구 청파동3가 107-31,https://pcmap.place.naver.com/place/457840624,"고기, 우유"
홍곱창 숙명여대점,청파동,소금구이막창,16000,서울 용산구 청파동3가 107-31,https://pcmap.place.naver.com/place/457840624,고기
홍곱창 숙명여대점,청파동,양념막창,16000,서울 용산구 청파동3가 107-31,https://pcmap.place.naver.com/place/457840624,고기
홍곱창 숙명여대점,청파동,불막창,16000,서울 용산구 청파동3가 107-31,https://pcmap.place.naver.com/place/457840624,고기
다온베이글,청파동,프로슈토 베이글 샌드위치,8800,서울 용산구 청파동3가 107-44,https://pcmap.place.naver.com/place/1031687549,밀
다온베이글,청파동,수제 카이막 베이글,12000,서울 용산구 청파동3가 107-44,https://pcmap.place.naver.com/place/1031687549,밀
다온베이글,청파동,수제 밀크티,5500,서울 용산구 청파동3가 107-44,https://pcmap.place.naver.com/place/1031687549,우유
다온베이글,청파동,포테이토 치즈 베이글,4500,서울 용산구 청파동3가 107-44,https://pcmap.place.naver.com/place/1031687549,"밀, 우유"
다온베이글,청파동,플레인 베이글,3500,서울 용산구 청파동3가 107-44,https://pcmap.place.naver.com/place/1031687549,밀
다온베이글,청파동,솔티드 아인슈페너 라떼,6000,서울 용산구 청파동3가 107-44,https://pcmap.place.naver.com/place/1031687549,우유
다온베이글,청파동,참깨 베이글,3800,서울 용산구 청파동3가 107-44,https://pcmap.place.naver.com/place/1031687549,밀
다온베이글,청파동,에브리띵 베이글,4000,서울 용산구 청파동3가 107-44,https://pcmap.place.naver.com/place/1031687549,밀
다온베이글,청파동,바질 베이글,4000,서울 용산구 청파동3가 107-44,https://pcmap.place.naver.com/place/1031687549,밀
다온베이글,청파동,블루베리 베이글,4000,서울 용산구 청파동3가 107-44,https://pcmap.place.naver.com/place/1031687549,밀
다온베이글,청파동,초콜릿 베이글,4500,서울 용산구 청파동3가 107-44,https://pcmap.place.naver.com/place/1031687549,밀
다온베이글,청파동,페퍼로니 피자 베이글,4800,서울 용산구 청파동3가 107-44,https://pcmap.place.naver.com/place/1031687549,밀
다온베이글,청파동,초코나무숲 베이글,4800,서울 용산구 청파동3가 107-44,https://pcmap.place.naver.com/place/1031687549,밀
다온베이글,청파동,스윗펌킨 치즈 베이글,5100,서울 용산구 청파동3가 107-44,https://pcmap.place.naver.com/place/1031687549,"밀, 우유"
빨봉분식,청파동,빨봉떡볶이,7000,서울 용산구 청파동2가 64-13,https://pcmap.place.naver.com/place/35357170,밀
빨봉분식,청파동,빨봉돈까스,8000,서울 용산구 청파동2가 64-13,https://pcmap.place.naver.com/place/35357170,고기
빨봉분식,청파동,연탄불고기덮밥,8500,서울 용산구 청파동2가 64-13,https://pcmap.place.naver.com/place/35357170,고기
빨봉분식,청파동,오므라이스,8000,서울 용산구 청파동2가 64-13,https://pcmap.place.naver.com/place/35357170,없음
빨봉분식,청파동,쫄면,8000,서울 용산구 청파동2가 64-13,https://pcmap.place.naver.com/place/35357170,밀
빨봉분식,청파동,모듬튀김,7000,서울 용산구 청파동2가 64-13,https://pcmap.place.naver.com/place/35357170,밀
빨봉분식,청파동,치즈떡볶이,8000,서울 용산구 청파동2가 64-13,https://pcmap.place.naver.com/place/35357170,"밀, 우유"
루다브레드,청파동,마롱 깜파뉴,6000,서울 용산구 청파동2가 55-4,https://pcmap.place.naver.com/place/1634250257,"달걀, 밀"
루다브레드,청파동,크림치즈 카페모카,4500,서울 용산구 청파동2가 55-4,https://pcmap.place.naver.com/place/1634250257,우유
루다브레드,청파동,슈크림 브리오슈,3800,서울 용산구 청파동2가 55-4,https://pcmap.place.naver.com/place/1634250257,우유
루다브레드,청파동,연유 버터 프레첼,4000,서울 용산구 청파동2가 55-4,https://pcmap.place.naver.com/place/1634250257,"밀, 우유"
루다브레드,청파동,크로와상 샌드위치,4500,서울 용산구 청파동2가 55-4,https://pcmap.place.naver.com/place/1634250257,밀
루다브레드,청파동,베이글 샌드위치,4500,서울 용산구 청파동2가 55-4,https://pcmap.place.naver.com/place/1634250257,밀
루다브레드,청파동,치아바타샌드위치,4200,서울 용산구 청파동2가 55-4,https://pcmap.place.naver.com/place/1634250257,밀
루다브레드,청파동,앙버터,3800,서울 용산구 청파동2가 55-4,https://pcmap.place.naver.com/place/1634250257,우유
루다브레드,청파동,소금빵,2500,서울 용산구 청파동2가 55-4,https://pcmap.place.naver.com/place/1634250257,"밀, 고기"
먼데이피크닉,청파동,에그타르트,3700,서울 용산구 청파동2가 90-17,https://pcmap.place.naver.com/place/1156600106,달걀
먼데이피크닉,청파동,휘낭시에,3500,서울 용산구 청파동2가 90-17,https://pcmap.place.naver.com/place/1156600106,"달걀, 우유"
디오티티,효창동,아메리카노,4500,서울 용산구 효창동 3-18,https://pcmap.place.naver.com/place/1808798826,없음
화원기사식당,효창동,소불백,10000,서울 용산구 효창동 3-319,https://pcmap.place.naver.com/place/1136662836,고기
화원기사식당,효창동,돼지불백,9000,서울 용산구 효창동 3-319,https://pcmap.place.naver.com/place/1136662836,고기
화원기사식당,효창동,불백비빔,9000,서울 용산구 효창동 3-319,https://pcmap.place.naver.com/place/1136662836,고기
화원기사식당,효창동,제육볶음,9000,서울 용산구 효창동 3-319,https://pcmap.place.naver.com/place/1136662836,고기
화원기사식당,효창동,뚝배기불고기,9000,서울 용산구 효창동 3-319,https://pcmap.place.naver.com/place/1136662836,고기
화원기사식당,효창동,닭도리탕,9000,서울 용산구 효창동 3-319,https://pcmap.place.naver.com/place/1136662836,고기
화원기사식당,효창동,반계탕,9000,서울 용산구 효창동 3-319,https://pcmap.place.naver.com/place/1136662836,고기
화원기사식당,효창동,동태찌개,9000,서울 용산구 효창동 3-319,https://pcmap.place.naver.com/place/1136662836,밀
화원기사식당,효창동,김치찌개,9000,서울 용산구 효창동 3-319,https://pcmap.place.naver.com/place/1136662836,없음
화원기사식당,효창동,짜글이찌개,9000,서울 용산구 효창동 3-319,https://pcmap.place.naver.com/place/1136662836,없음
화원기사식당,효창동,된장찌개,9000,서울 용산구 효창동 3-319,https://pcmap.place.naver.com/place/1136662836,땅콩/대두
화원기사식당,효창동,순두부찌개,9000,서울 용산구 효창동 3-319,https://pcmap.place.naver.com/place/1136662836,땅콩/대두
화원기사식당,효창동,부대찌개,9000,서울 용산구 효창동 3-319,https://pcmap.place.naver.com/place/1136662836,밀
화원기사식당,효창동,떡국,9000,서울 용산구 효창동 3-319,https://pcmap.place.naver.com/place/1136662836,밀
화원기사식당,효창동,비빔국수,9000,서울 용산구 효창동 3-319,https://pcmap.place.naver.com/place/1136662836,밀
갤러스,효창동,채끝 스테이크 300G,13000,서울 용산구 효창동 3-84,https://pcmap.place.naver.com/place/1495907586,고기
갤러스,효창동,카치오 에 페페,11000,서울 용산구 효창동 3-84,https://pcmap.place.naver.com/place/1495907586,없음
갤러스,효창동,채끝 스테이크 200G,11000,서울 용산구 효창동 3-84,https://pcmap.place.naver.com/place/1495907586,고기
갤러스,효창동,채끝 스테이크 400G,13000,서울 용산구 효창동 3-84,https://pcmap.place.naver.com/place/1495907586,고기
갤러스,효창동,트러플 베이컨 크림 파스타,12000,서울 용산구 효창동 3-84,https://pcmap.place.naver.com/place/1495907586,"밀, 고기, 우유"
갤러스,효창동,토마토 커리 파스타,11000,서울 용산구 효창동 3-84,https://pcmap.place.naver.com/place/1495907586,밀
갤러스,효창동,위스키,9000,서울 용산구 효창동 3-84,https://pcmap.place.naver.com/place/1495907586,없음
갤러스,효창동,칵테일,9000,서울 용산구 효창동 3-84,https://pcmap.place.naver.com/place/1495907586,없음
어거스트95,효창동,아메리카노,5000,서울 용산구 효창동 3-116,https://pcmap.place.naver.com/place/1942755968,없음
어거스트95,효창동,바닐라라떼,6000,서울 용산구 효창동 3-116,https://pcmap.place.naver.com/place/1942755968,우유
어거스트95,효창동,자몽레몬 에이드,6000,서울 용산구 효창동 3-116,https://pcmap.place.naver.com/place/1942755968,없음
어거스트95,효창동,레몬석류 에이드,6000,서울 용산구 효창동 3-116,https://pcmap.place.naver.com/place/1942755968,없음
키하라,효창동,필터커피,5000,서울 용산구 효창동 3-118,https://pcmap.place.naver.com/place/1702983711,없음
키하라,효창동,카모마일 밀크,7000,서울 용산구 효창동 3-118,https://pcmap.place.naver.com/place/1702983711,우유
키하라,효창동,당근 마가리타,9000,서울 용산구 효창동 3-118,https://pcmap.place.naver.com/place/1702983711,없음
키하라,효창동,크랜베리 상그리아,9000,서울 용산구 효창동 3-118,https://pcmap.place.naver.com/place/1702983711,없음
키하라,효창동,우롱 카다멈 밀크,7000,서울 용산구 효창동 3-118,https://pcmap.place.naver.com/place/1702983711,우유
키하라,효창동,애플 시나몬 브리 치즈 토스트,8000,서울 용산구 효창동 3-118,https://pcmap.place.naver.com/place/1702983711,"밀, 우유"
컴포즈커피 효창공원점,효창동,아메리카노,3000,서울 용산구 효창동 5-582,https://pcmap.place.naver.com/place/1262209498,없음
파리바게뜨 효창점,효창동,블루베리 치즈무스,5000,서울 용산구 효창동 5-326,https://pcmap.place.naver.com/place/11690057,우유
파리바게뜨 효창점,효창동,카페오레,5000,서울 용산구 효창동 5-326,https://pcmap.place.naver.com/place/11690057,없음
파리바게뜨 효창점,효창동,포도치즈케이크,5000,서울 용산구 효창동 5-326,https://pcmap.place.naver.com/place/11690057,우유
파리바게뜨 효창점,효창동,고구마파이,5000,서울 용산구 효창동 5-326,https://pcmap.place.naver.com/place/11690057,밀
산골녹차냉면 본점,효창동,돈까스,10000,서울 용산구 효창동 5-327,https://pcmap.place.naver.com/place/18721300,"밀, 고기"
산골녹차냉면 본점,효창동,비빔냉면,9000,서울 용산구 효창동 5-327,https://pcmap.place.naver.com/place/18721300,밀
산골녹차냉면 본점,효창동,매운돈까스,10000,서울 용산구 효창동 5-327,https://pcmap.place.naver.com/place/18721300,"밀, 고기"
산골녹차냉면 본점,효창동,생선까스,10000,서울 용산구 효창동 5-327,https://pcmap.place.naver.com/place/18721300,밀
산골녹차냉면 본점,효창동,물냉면,9000,서울 용산구 효창동 5-327,https://pcmap.place.naver.com/place/18721300,밀
카페에셀,효창동,커피,5000,서울 용산구 효창동 5-266,https://pcmap.place.naver.com/place/1282310461,없음
우물커피앤바,효창동,세븐레이크 아메리카노,5000,서울 용산구 효창동 3-57,https://pcmap.place.naver.com/place/1524880604,없음
우물커피앤바,효창동,세븐레이크 카페라떼,6000,서울 용산구 효창동 3-57,https://pcmap.place.naver.com/place/1524880604,우유
우물커피앤바,효창동,디카페인아메리카노,5000,서울 용산구 효창동 3-57,https://pcmap.place.naver.com/place/1524880604,없음
우물커피앤바,효창동,랑케블랙 아메리카노,5000,서울 용산구 효창동 3-57,https://pcmap.place.naver.com/place/1524880604,없음
우물커피앤바,효창동,랑케블랙 카페라떼,6000,서울 용산구 효창동 3-57,https://pcmap.place.naver.com/place/1524880604,우유
우물커피앤바,효창동,햄루꼴라샌드위치,8000,서울 용산구 효창동 3-57,https://pcmap.place.naver.com/place/1524880604,"밀, 고기"
우물커피앤바,효창동,에그마요샌드위치,8000,서울 용산구 효창동 3-57,https://pcmap.place.naver.com/place/1524880604,밀
피자먹다 효창공원역점,효창동,[8가지맛] 플래터(Platter) 피자,12000,서울 용산구 효창동 81-1,https://pcmap.place.naver.com/place/1949383276,밀
피자먹다 효창공원역점,효창동,플래터(Platter) 피자,12000,서울 용산구 효창동 81-1,https://pcmap.place.naver.com/place/1949383276,밀
피자먹다 효창공원역점,효창동,콤비네이션 피자,10000,서울 용산구 효창동 81-1,https://pcmap.place.naver.com/place/1949383276,밀
피자먹다 효창공원역점,효창동,화이트쉬림프포테이토피자,10000,서울 용산구 효창동 81-1,https://pcmap.place.naver.com/place/1949383276,"갑각류, 밀"
피자먹다 효창공원역점,효창동,바질쉬림프베이컨피자,10000,서울 용산구 효창동 81-1,https://pcmap.place.naver.com/place/1949383276,"갑각류, 밀, 고기"
피자먹다 효창공원역점,효창동,바질토마토피자,10000,서울 용산구 효창동 81-1,https://pcmap.place.naver.com/place/1949383276,밀
피자먹다 효창공원역점,효창동,케이준치킨피자,10000,서울 용산구 효창동 81-1,https://pcmap.place.naver.com/place/1949383276,"밀, 고기"
피자먹다 효창공원역점,효창동,맥앤치즈 피자,10000,서울 용산구 효창동 81-1,https://pcmap.place.naver.com/place/1949383276,"밀, 우유"
피자먹다 효창공원역점,효창동,25cm 마르게리따 피자,10000,서울 용산구 효창동 81-1,https://pcmap.place.naver.com/place/1949383276,"갑각류, 밀"
피자먹다 효창공원역점,효창동,달콤연유피자,10000,서울 용산구 효창동 81-1,https://pcmap.place.naver.com/place/1949383276,"밀, 우유"
피자먹다 효창공원역점,효창동,톡톡옥수수 피자,10000,서울 용산구 효창동 81-1,https://pcmap.place.naver.com/place/1949383276,밀
피자먹다 효창공원역점,효창동,스위트고구마 피자,10000,서울 용산구 효창동 81-1,https://pcmap.place.naver.com/place/1949383276,밀
피자먹다 효창공원역점,효창동,페페로니 피자,10000,서울 용산구 효창동 81-1,https://pcmap.place.naver.com/place/1949383276,밀
피자먹다 효창공원역점,효창동,스위트불고기 피자,10000,서울 용산구 효창동 81-1,https://pcmap.place.naver.com/place/1949383276,"밀, 고기"
피자먹다 효창공원역점,효창동,하와이언 피자,10000,서울 용산구 효창동 81-1,https://pcmap.place.naver.com/place/1949383276,밀
다과상사,효창동,바닐라빈라떼 R,8000,서울 용산구 효창동 74,https://pcmap.place.naver.com/place/37182939,우유
다과상사,효창동,솔티카라멜라떼,8000,서울 용산구 효창동 74,https://pcmap.place.naver.com/place/37182939,우유
다과상사,효창동,카페라떼 R,8000,서울 용산구 효창동 74,https://pcmap.place.naver.com/place/37182939,우유
다과상사,효창동,아메리카노 R,8000,서울 용산구 효창동 74,https://pcmap.place.naver.com/place/37182939,없음
다과상사,효창동,모카 라떼,8000,서울 용산구 효창동 74,https://pcmap.place.naver.com/place/37182939,우유
다과상사,효창동,아인슈페너,8000,서울 용산구 효창동 74,https://pcmap.place.naver.com/place/37182939,우유
다과상사,효창동,바닐라빈라떼 300ml(병),6000,서울 용산구 효창동 74,https://pcmap.place.naver.com/place/37182939,우유
다과상사,효창동,바닐라빈라떼 500ml(병),8000,서울 용산구 효창동 74,https://pcmap.place.naver.com/place/37182939,우유
다과상사,효창동,밀크티 300ml(병),6000,서울 용산구 효창동 74,https://pcmap.place.naver.com/place/37182939,우유
다과상사,효창동,솔티카라멜라떼 300ml(병),6000,서울 용산구 효창동 74,https://pcmap.place.naver.com/place/37182939,우유
다과상사,효창동,딸기라떼 500ml(병),8000,서울 용산구 효창동 74,https://pcmap.place.naver.com/place/37182939,우유
다과상사,효창동,아메리카노(파우치),5000,서울 용산구 효창동 74,https://pcmap.place.naver.com/place/37182939,없음
다과상사,효창동,카페라떼(파우치),5000,서울 용산구 효창동 74,https://pcmap.place.naver.com/place/37182939,우유
다과상사,효창동,아메리카노 4팩(파우치),12000,서울 용산구 효창동 74,https://pcmap.place.naver.com/place/37182939,없음
다과상사,효창동,카페라떼 4팩(파우치),12000,서울 용산구 효창동 74,https://pcmap.place.naver.com/place/37182939,우유
이삭토스트 효창공원앞역점,효창동,계란후라이 햄치즈,6000,서울 용산구 효창동 70-11,https://pcmap.place.naver.com/place/35489534,"달걀, 고기, 우유"
이삭토스트 효창공원앞역점,효창동,계란후라이 스페셜,6000,서울 용산구 효창동 70-11,https://pcmap.place.naver.com/place/35489534,"달걀, 고기"
이삭토스트 효창공원앞역점,효창동,계란후라이 딥치즈,6000,서울 용산구 효창동 70-11,https://pcmap.place.naver.com/place/35489534,"달걀, 고기, 우유"
이삭토스트 효창공원앞역점,효창동,소이 크런치 치킨,6000,서울 용산구 효창동 70-11,https://pcmap.place.naver.com/place/35489534,고기
이삭토스트 효창공원앞역점,효창동,프렌치 에그마요,6000,서울 용산구 효창동 70-11,https://pcmap.place.naver.com/place/35489534,달걀
이삭토스트 효창공원앞역점,효창동,콘베이컨 에그마요,6000,서울 용산구 효창동 70-11,https://pcmap.place.naver.com/place/35489534,"달걀, 고기"
이삭토스트 효창공원앞역점,효창동,스크램블 햄치즈,6000,서울 용산구 효창동 70-11,https://pcmap.place.naver.com/place/35489534,"달걀, 고기, 우유"
이삭토스트 효창공원앞역점,효창동,스크램블 베이컨,6000,서울 용산구 효창동 70-11,https://pcmap.place.naver.com/place/35489534,"달걀, 고기"
이삭토스트 효창공원앞역점,효창동,리얼 양념치킨,6000,서울 용산구 효창동 70-11,https://pcmap.place.naver.com/place/35489534,고기
이삭토스트 효창공원앞역점,효창동,감자 스페셜,6000,서울 용산구 효창동 70-11,https://pcmap.place.naver.com/place/35489534,없음
이삭토스트 효창공원앞역점,효창동,치킨 스페셜,6000,서울 용산구 효창동 70-11,https://pcmap.place.naver.com/place/35489534,고기
이삭토스트 효창공원앞역점,효창동,라구 포테이토 팝,4000,서울 용산구 효창동 70-11,https://pcmap.place.naver.com/place/35489534,없음
이삭토스트 효창공원앞역점,효창동,어니언 포테이토 팝,4000,서울 용산구 효창동 70-11,https://pcmap.place.naver.com/place/35489534,없음
이삭토스트 효창공원앞역점,효창동,H.아메리카노,5000,서울 용산구 효창동 70-11,https://pcmap.place.naver.com/place/35489534,없음
이삭토스트 효창공원앞역점,효창동,I.아메리카노,5000,서울 용산구 효창동 70-11,https://pcmap.place.naver.com/place/35489534,없음
이삭토스트 효창공원앞역점,효창동,H.디카페인 아메리카노,5000,서울 용산구 효창동 70-11,https://pcmap.place.naver.com/place/35489534,없음
이삭토스트 효창공원앞역점,효창동,I.디카페인 아메리카노,5000,서울 용산구 효창동 70-11,https://pcmap.place.naver.com/place/35489534,없음
이삭토스트 효창공원앞역점,효창동,아이스티,5000,서울 용산구 효창동 70-11,https://pcmap.place.naver.com/place/35489534,없음
찰찰보리식빵 효창공원점,효창동,블루베리식빵,4000,서울 용산구 효창동 70-1,https://pcmap.place.naver.com/place/1733287329,밀
찰찰보리식빵 효창공원점,효창동,호두호밀식빵,4000,서울 용산구 효창동 70-1,https://pcmap.place.naver.com/place/1733287329,밀
찰찰보리식빵 효창공원점,효창동,생크림식빵,4000,서울 용산구 효창동 70-1,https://pcmap.place.naver.com/place/1733287329,"밀, 우유"
찰찰보리식빵 효창공원점,효창동,마늘식빵,4000,서울 용산구 효창동 70-1,https://pcmap.place.naver.com/place/1733287329,밀
찰찰보리식빵 효창공원점,효창동,곡물식빵,4000,서울 용산구 효창동 70-1,https://pcmap.place.naver.com/place/1733287329,밀
찰찰보리식빵 효창공원점,효창동,우유찰보리식빵,4000,서울 용산구 효창동 70-1,https://pcmap.place.naver.com/place/1733287329,"밀, 우유"
찰찰보리식빵 효창공원점,효창동,고구마크림치즈식빵,4000,서울 용산구 효창동 70-1,https://pcmap.place.naver.com/place/1733287329,"밀, 우유"
찰찰보리식빵 효창공원점,효창동,초코식빵,4000,서울 용산구 효창동 70-1,https://pcmap.place.naver.com/place/1733287329,밀
찰찰보리식빵 효창공원점,효창동,단호박콩식빵,4000,서울 용산구 효창동 70-1,https://pcmap.place.naver.com/place/1733287329,"밀, 땅콩/대두"
찰찰보리식빵 효창공원점,효창동,알밤식빵,4000,서울 용산구 효창동 70-1,https://pcmap.place.naver.com/place/1733287329,밀
찰찰보리식빵 효창공원점,효창동,크림치즈식빵,4000,서울 용산구 효창동 70-1,https://pcmap.place.naver.com/place/1733287329,"밀, 우유"
찰찰보리식빵 효창공원점,효창동,찹쌀쫄깃식빵,4000,서울 용산구 효창동 70-1,https://pcmap.place.naver.com/place/1733287329,밀
서로하,효창동,더블 초코스틱 곰돌이 휘낭시에,3000,서울 용산구 효창동 5-117,https://pcmap.place.naver.com/place/1998013504,"달걀, 우유"
서로하,효창동,플레인 초코스틱 곰돌이 휘낭시에,3000,서울 용산구 효창동 5-117,https://pcmap.place.naver.com/place/1998013504,"달걀, 우유"
서로하,효창동,휘러스크,3000,서울 용산구 효창동 5-117,https://pcmap.place.naver.com/place/1998013504,밀
서로하,효창동,쑥크럼블휘낭시에,3000,서울 용산구 효창동 5-117,https://pcmap.place.naver.com/place/1998013504,"달걀, 우유"
서로하,효창동,호지 휘낭시에,3000,서울 용산구 효창동 5-117,https://pcmap.place.naver.com/place/1998013504,"달걀, 우유"
서로하,효창동,플레인 휘낭시에,3000,서울 용산구 효창동 5-117,https://pcmap.place.naver.com/place/1998013504,"달걀, 우유"
서로하,효창동,얼그레이 휘낭시에,3000,서울 용산구 효창동 5-117,https://pcmap.place.naver.com/place/1998013504,"달걀, 우유"
서로하,효창동,츄러스 휘낭시에,3000,서울 용산구 효창동 5-117,https://pcmap.place.naver.com/place/1998013504,"달걀, 우유"
서로하,효창동,로투스 휘낭시에,3000,서울 용산구 효창동 5-117,https://pcmap.place.naver.com/place/1998013504,"달걀, 우유"
서로하,효창동,소보루황치즈 휘낭시에,3000,서울 용산구 효창동 5-117,https://pcmap.place.naver.com/place/1998013504,"달걀, 고기, 우유"
서로하,효창동,바질토마토 휘낭시에,3000,서울 용산구 효창동 5-117,https://pcmap.place.naver.com/place/1998013504,"달걀, 우유"
서로하,효창동,피넛카라멜 휘낭시에,3000,서울 용산구 효창동 5-117,https://pcmap.place.naver.com/place/1998013504,"달걀, 우유"
서로하,효창동,카페크리스피 휘낭시에,3000,서울 용산구 효창동 5-117,https://pcmap.place.naver.com/place/1998013504,"달걀, 우유"
서로하,효창동,솔티카라멜 휘낭시에,3000,서울 용산구 효창동 5-117,https://pcmap.place.naver.com/place/1998013504,"달걀, 우유"
서로하,효창동,무화과크림치즈 휘낭시에,3000,서울 용산구 효창동 5-117,https://pcmap.place.naver.com/place/1998013504,"달걀, 우유"
빅리터,효창동,B 빅 아메리카노(4샷)(1L),7000,서울 용산구 효창동 5,https://pcmap.place.naver.com/place/1567612890,없음
빅리터,효창동,B 대만흑당버블티(인기메뉴)(1L 펄O),9000,서울 용산구 효창동 5,https://pcmap.place.naver.com/place/1567612890,없음
빅리터,효창동,B 수제 생크림 와플 누텔라(인기메뉴),5000,서울 용산구 효창동 5,https://pcmap.place.naver.com/place/1567612890,"밀, 우유"
빅리터,효창동,B 카야버터 토스트(인기메뉴),6000,서울 용산구 효창동 5,https://pcmap.place.naver.com/place/1567612890,"밀, 우유"
빅리터,효창동,B 빅 아메리카노(4샷),7000,서울 용산구 효창동 5,https://pcmap.place.naver.com/place/1567612890,없음
빅리터,효창동,B 자두스무디,8000,서울 용산구 효창동 5,https://pcmap.place.naver.com/place/1567612890,없음
빅리터,효창동,B 자바칩 프라페,8000,서울 용산구 효창동 5,https://pcmap.place.naver.com/place/1567612890,없음
빅리터,효창동,B 얼음동동 미숫가루,8000,서울 용산구 효창동 5,https://pcmap.place.naver.com/place/1567612890,밀
빅리터,효창동,B 천혜향 스무디,8000,서울 용산구 효창동 5,https://pcmap.place.naver.com/place/1567612890,없음
빅리터,효창동,B 헤이즐넛아메리카노(1L),7000,서울 용산구 효창동 5,https://pcmap.place.naver.com/place/1567612890,없음
빅리터,효창동,B 카페라떼(4샷)(1L),8000,서울 용산구 효창동 5,https://pcmap.place.naver.com/place/1567612890,우유
빅리터,효창동,B 바닐라 라떼(1L),8000,서울 용산구 효창동 5,https://pcmap.place.naver.com/place/1567612890,우유
빅리터,효창동,B 리얼베리 라떼(1L),8000,서울 용산구 효창동 5,https://pcmap.place.naver.com/place/1567612890,우유
빅리터,효창동,B 아빠는 딸바보(딸바)(1L),8000,서울 용산구 효창동 5,https://pcmap.place.naver.com/place/1567612890,없음
빅리터,효창동,B 리얼믹스베리 바나나(1L),8000,서울 용산구 효창동 5,https://pcmap.place.naver.com/place/1567612890,없음
빅리터,효창동,B 리얼 초코 라떼(1L),8000,서울 용산구 효창동 5,https://pcmap.place.naver.com/place/1567612890,우유
빅리터,효창동,B 복숭아 스무디,7000,서울 용산구 효창동 5,https://pcmap.place.naver.com/place/1567612890,없음
빅리터,효창동,B 탱크보이(배) 스무디(1L),8000,서울 용산구 효창동 5,https://pcmap.place.naver.com/place/1567612890,없음
빅리터,효창동,B 파인애플 스무디(1L),8000,서울 용산구 효창동 5,https://pcmap.place.naver.com/place/1567612890,없음
빅리터,효창동,B 딸기 스무디(1L),8000,서울 용산구 효창동 5,https://pcmap.place.naver.com/place/1567612890,없음
빅리터,효창동,B 죠리퐁 프라페(인기메뉴)(1L),8000,서울 용산구 효창동 5,https://pcmap.place.naver.com/place/1567612890,없음
빅리터,효창동,B 민트초코 프라페(1L),8000,서울 용산구 효창동 5,https://pcmap.place.naver.com/place/1567612890,없음
빅리터,효창동,B 리얼초코 프라페(1L),8000,서울 용산구 효창동 5,https://pcmap.place.naver.com/place/1567612890,없음
빅리터,효창동,B 쿠앤크 초코 프라페(1L),8000,서울 용산구 효창동 5,https://pcmap.place.naver.com/place/1567612890,없음
빅리터,효창동,B 얼그레이밀크티(1L(펄X)),8000,서울 용산구 효창동 5,https://pcmap.place.naver.com/place/1567612890,우유
빅리터,효창동,B 얼그레이밀크티(1L(펄O)),9000,서울 용산구 효창동 5,https://pcmap.place.naver.com/place/1567612890,우유
빅리터,효창동,B 아쌈홍차밀크티(1L(펄X)),8000,서울 용산구 효창동 5,https://pcmap.place.naver.com/place/1567612890,우유
빅리터,효창동,B 아쌈홍차밀크티(1L(펄O)),9000,서울 용산구 효창동 5,https://pcmap.place.naver.com/place/1567612890,우유
빅리터,효창동,B 체리콕(인기메뉴)(1L),8000,서울 용산구 효창동 5,https://pcmap.place.naver.com/place/1567612890,없음
빅리터,효창동,B 리얼베리 에이드(1L),8000,서울 용산구 효창동 5,https://pcmap.place.naver.com/place/1567612890,없음
빅리터,효창동,B 청포도 에이드(1L),8000,서울 용산구 효창동 5,https://pcmap.place.naver.com/place/1567612890,없음
빅리터,효창동,B 체리 에이드(1L),8000,서울 용산구 효창동 5,https://pcmap.place.naver.com/place/1567612890,없음
빅리터,효창동,B 오렌지 에이드(1L),8000,서울 용산구 효창동 5,https://pcmap.place.naver.com/place/1567612890,없음
빅리터,효창동,B 복숭아 아이스티(1L),8000,서울 용산구 효창동 5,https://pcmap.place.naver.com/place/1567612890,없음
빅리터,효창동,B 레몬 아이스티(1L),8000,서울 용산구 효창동 5,https://pcmap.place.naver.com/place/1567612890,없음
빅리터,효창동,B 망고 주스(1L),8000,서울 용산구 효창동 5,https://pcmap.place.naver.com/place/1567612890,없음
빅리터,효창동,B 사과 주스(1L),8000,서울 용산구 효창동 5,https://pcmap.place.naver.com/place/1567612890,없음
빅리터,효창동,B 포도 주스(1L),8000,서울 용산구 효창동 5,https://pcmap.place.naver.com/place/1567612890,없음
빅리터,효창동,B 카야치즈 토스트,6000,서울 용산구 효창동 5,https://pcmap.place.naver.com/place/1567612890,"밀, 우유"
빅리터,효창동,B 악마의 누텔라 케익(인기메뉴),5000,서울 용산구 효창동 5,https://pcmap.place.naver.com/place/1567612890,없음
피자마루 용산효창공원점,효창동,레드콘 피자,12000,서울 용산구 효창동 5-102,https://pcmap.place.naver.com/place/18148382,밀
피자마루 용산효창공원점,효창동,페퍼로니 피자,10900,서울 용산구 효창동 5-102,https://pcmap.place.naver.com/place/18148382,"밀, 우유"
피자마루 용산효창공원점,효창동,포테이토 피자,13000,서울 용산구 효창동 5-102,https://pcmap.place.naver.com/place/18148382,밀
피자마루 용산효창공원점,효창동,불고기 피자,13000,서울 용산구 효창동 5-102,https://pcmap.place.naver.com/place/18148382,"밀, 고기"
피자마루 용산효창공원점,효창동,콤비네이션 피자,13000,서울 용산구 효창동 5-102,https://pcmap.place.naver.com/place/18148382,밀
피자마루 용산효창공원점,효창동,투움바 피자,13000,서울 용산구 효창동 5-102,https://pcmap.place.naver.com/place/18148382,밀
피자마루 용산효창공원점,효창동,바비큐 치킨 피자,13000,서울 용산구 효창동 5-102,https://pcmap.place.naver.com/place/18148382,"밀, 고기"
피자마루 용산효창공원점,효창동,아메리칸 체다 피자,12000,서울 용산구 효창동 5-102,https://pcmap.place.naver.com/place/18148382,"밀, 우유"
피자마루 용산효창공원점,효창동,흑마늘 불고기 피자,12000,서울 용산구 효창동 5-102,https://pcmap.place.naver.com/place/18148382,"밀, 고기"
피자마루 용산효창공원점,효창동,명란크림쉬림프 피자,12000,서울 용산구 효창동 5-102,https://pcmap.place.naver.com/place/18148382,"갑각류, 밀, 우유"
피자마루 용산효창공원점,효창동,고추마요 치킨 피자,12000,서울 용산구 효창동 5-102,https://pcmap.place.naver.com/place/18148382,"밀, 고기"
투다리 효창점,효창동,닭산적,9000,서울 용산구 효창동 5-674,https://pcmap.place.naver.com/place/11763680,고기
투다리 효창점,효창동,김치우동,10000,서울 용산구 효창동 5-674,https://pcmap.place.naver.com/place/11763680,밀
투다리 효창점,효창동,투다리모둠오뎅,10000,서울 용산구 효창동 5-674,https://pcmap.place.naver.com/place/11763680,없음
투다리 효창점,효창동,교자전골,11000,서울 용산구 효창동 5-674,https://pcmap.place.naver.com/place/11763680,달걀
투다리 효창점,효창동,투다리 부대찌개,11000,서울 용산구 효창동 5-674,https://pcmap.place.naver.com/place/11763680,밀
투다리 효창점,효창동,어묵매운탕,10000,서울 용산구 효창동 5-674,https://pcmap.place.naver.com/place/11763680,"밀, 땅콩/대두"
투다리 효창점,효창동,대창전골,12000,서울 용산구 효창동 5-674,https://pcmap.place.naver.com/place/11763680,"달걀, 고기"
투다리 효창점,효창동,칼칼비지락 유부많이탕,10000,서울 용산구 효창동 5-674,https://pcmap.place.naver.com/place/11763680,땅콩/대두
투다리 효창점,효창동,알탕,10000,서울 용산구 효창동 5-674,https://pcmap.place.naver.com/place/11763680,없음
투다리 효창점,효창동,육포품은 먹태,12000,서울 용산구 효창동 5-674,https://pcmap.place.naver.com/place/11763680,고기
이디야커피 용산효창점,효창동,아메리카노,5000,서울 용산구 효창동 5-80,https://pcmap.place.naver.com/place/1065357894,없음
이디야커피 용산효창점,효창동,시그니처 라떼,5500,서울 용산구 효창동 5-80,https://pcmap.place.naver.com/place/1065357894,우유
이디야커피 용산효창점,효창동,토피 넛 라떼,5500,서울 용산구 효창동 5-80,https://pcmap.place.naver.com/place/1065357894,우유
이디야커피 용산효창점,효창동,바닐라 라떼,5500,서울 용산구 효창동 5-80,https://pcmap.place.naver.com/place/1065357894,우유
