디오티티,아메리카노,"흐림, 추움, 쌀쌀",5000
화원기사식당,소불백,"맑음, 따뜻함",10000
화원기사식당,돼지불백,"더움, 여름",9000
화원기사식당,불백비빔,"흐림, 선선함",9000
화원기사식당,제육볶음,"맑음, 따뜻함",9000
화원기사식당,뚝배기불고기,"맑음, 따뜻함",9000
화원기사식당,닭도리탕,"맑음, 따뜻함",9000
화원기사식당,반계탕,"맑음, 따뜻함",9000
화원기사식당,동태찌개,"맑음, 따뜻함",9000
화원기사식당,김치찌개,"맑음, 따뜻함",9000
화원기사식당,짜글이찌개,"맑음, 따뜻함",9000
화원기사식당,된장찌개,"맑음, 따뜻함",9000
화원기사식당,순두부찌개,"맑음, 따뜻함",9000
화원기사식당,부대찌개,"맑음, 따뜻함",9000
화원기사식당,떡국,"맑음, 따뜻함",9000
화원기사식당,비빔국수,"맑음, 따뜻함",9000
갤러스,채끝 스테이크 300G,"맑음, 따뜻함",13000
갤러스,카치오 에 페페,"맑음, 따뜻함",11000
갤러스,채끝 스테이크 200G,"맑음, 따뜻함",11000
갤러스,채끝 스테이크 400G,"맑음, 따뜻함",13000
갤러스,트러플 베이컨 크림 파스타,"맑음, 따뜻함",12000
갤러스,토마토 커리 파스타,"맑음, 따뜻함",11000
갤러스,위스키,"맑음, 따뜻함",9000
갤러스,칵테일,"맑음, 따뜻함",9000
어거스트95,아메리카노,"흐림, 추움, 쌀쌀",5000
어거스트95,바닐라라떼,"맑음, 따뜻함",6000
어거스트95,자몽레몬 에이드,"맑음, 따뜻함",6000
어거스트95,레몬석류 에이드,"맑음, 따뜻함",6000
키하라,필터커피,"맑음, 따뜻함",5000
키하라,카모마일 밀크,"맑음, 따뜻함",7000
키하라,당근 마가리타,"맑음, 따뜻함",9000
키하라,크랜베리 상그리아,"맑음, 따뜻함",9000
키하라,우롱 카다멈 밀크,"맑음, 따뜻함",7000
키하라,애플 시나몬 브리 치즈 토스트,"맑음, 따뜻함",8000
컴포즈커피 효창공원점,아메리카노,"흐림, 추움, 쌀쌀",3000
파리바게뜨 효창점,프랑보아즈무즈,"맑음, 따뜻함",5000
파리바게뜨 효창점,블루베리 치즈무스,"맑음, 따뜻함",5000
파리바게뜨 효창점,카페오레,"맑음, 따뜻함",5000
파리바게뜨 효창점,포도치즈케이크,"맑음, 따뜻함",5000
파리바게뜨 효창점,고구마파이,"맑음, 따뜻함",5000
산골녹차냉면 본점,돈까스,"맑음, 따뜻함",10000
산골녹차냉면 본점,비빔냉면,"맑음, 따뜻함",9000
산골녹차냉면 본점,매운돈까스,"맑음, 따뜻함",10000
산골녹차냉면 본점,생선까스,"맑음, 따뜻함",10000
산골녹차냉면 본점,물냉면,"맑음, 따뜻함",9000
산골녹차냉면 본점,(판매종료)가리비칼국수(동절기한정),"맑음, 따뜻함",9000
산골녹차냉면 본점,냉면 사리추가,"맑음, 따뜻함",2000
산골녹차냉면 본점,돈까스추가(단품),"맑음, 따뜻함",5000
산골녹차냉면 본점,매운돈까스추가(단품),"맑음, 따뜻함",5000
산골녹차냉면 본점,"음료수(펩시,칠성사이다,제로있음)","맑음, 따뜻함",2000
산골녹차냉면 본점,밥추가,"맑음, 따뜻함",1000
카페에셀,커피,"맑음, 따뜻함",5000
우물커피앤바,세븐레이크 아메리카노,"맑음, 따뜻함",5000
우물커피앤바,세븐레이크 카페라떼,"맑음, 따뜻함",6000
우물커피앤바,디카페인아메리카노,"맑음, 따뜻함",5000
우물커피앤바,랑케블랙 아메리카노,"맑음, 따뜻함",5000
우물커피앤바,랑케블랙 카페라떼,"맑음, 따뜻함",6000
우물커피앤바,햄루꼴라샌드위치,"맑음, 따뜻함",8000
우물커피앤바,카프레제샌드위치,"맑음, 따뜻함",8000
피자먹다 효창공원역점,[8가지맛] 플래터(Platter)A,"맑음, 따뜻함",12000
피자먹다 효창공원역점,플래터(Platter) C,"맑음, 따뜻함",12000
피자먹다 효창공원역점,콤비네이션 피자,"맑음, 따뜻함",10000
피자먹다 효창공원역점,화이트쉬림프포테이토피자,"맑음, 따뜻함",10000
피자먹다 효창공원역점,바질쉬림프베이컨피자,"맑음, 따뜻함",10000
피자먹다 효창공원역점,바질토마토피자,"맑음, 따뜻함",10000
피자먹다 효창공원역점,케이준치킨피자,"맑음, 따뜻함",10000
피자먹다 효창공원역점,맥앤치즈 피자,"맑음, 따뜻함",10000
피자먹다 효창공원역점,25cm 마르게리따 피자,"맑음, 따뜻함",10000
피자먹다 효창공원역점,달콤연유피자,"맑음, 따뜻함",10000
피자먹다 효창공원역점,톡톡옥수수 피자,"맑음, 따뜻함",10000
피자먹다 효창공원역점,스위트고구마 피자,"맑음, 따뜻함",10000
피자먹다 효창공원역점,페페로니 피자,"맑음, 따뜻함",10000
피자먹다 효창공원역점,스위트불고기 피자,"맑음, 따뜻함",10000
피자먹다 효창공원역점,하와이언 피자,"맑음, 따뜻함",10000
다과상사,바닐라빈라떼 R,"맑음, 따뜻함",8000
다과상사,솔티카라멜라,"맑음, 따뜻함",8000
다과상사,카페라떼 R,"맑음, 따뜻함",8000
다과상사,아메리카노 R,"맑음, 따뜻함",8000
다과상사,카페모카 R,"맑음, 따뜻함",8000
다과상사,아인슈페너,"맑음, 따뜻함",8000
다과상사,바닐라빈라떼 300ml (병),"맑음, 따뜻함",6000
다과상사,바닐라빈라떼 500ml (병),"맑음, 따뜻함",8000
다과상사,밀크티 300ml(병),"맑음, 따뜻함",6000
다과상사,솔티카라멜라떼 300ml(병),"맑음, 따뜻함",6000
다과상사,딸기라떼 500ml(병),"맑음, 따뜻함",8000
다과상사,아메리카노 (파우치),"맑음, 따뜻함",5000
다과상사,카페라떼 (파우치),"맑음, 따뜻함",5000
다과상사,아메리카노 4팩 (파우치),"맑음, 따뜻함",12000
다과상사,카페라떼 4팩 (파우치),"맑음, 따뜻함",12000
이삭토스트 효창공원앞역점,계란후라이 햄치즈,"맑음, 따뜻함",6000
이삭토스트 효창공원앞역점,계란후라이 스페셜,"맑음, 따뜻함",6000
이삭토스트 효창공원앞역점,계란후라이 딥치즈,"맑음, 따뜻함",6000
이삭토스트 효창공원앞역점,소이 크런치 치킨,"맑음, 따뜻함",6000
이삭토스트 효창공원앞역점,프렌치 에그마요,"맑음, 따뜻함",6000
이삭토스트 효창공원앞역점,계란후라이 햄치즈,"맑음, 따뜻함",6000
이삭토스트 효창공원앞역점,계란후라이 스페셜,"맑음, 따뜻함",6000
이삭토스트 효창공원앞역점,계란후라이 딥치즈,"맑음, 따뜻함",6000
이삭토스트 효창공원앞역점,프렌치 에그마요,"맑음, 따뜻함",6000
이삭토스트 효창공원앞역점,콘베이컨 에그마요,"맑음, 따뜻함",6000
이삭토스트 효창공원앞역점,스크램블 햄치즈,"맑음, 따뜻함",6000
이삭토스트 효창공원앞역점,스크램블 베이컨,"맑음, 따뜻함",6000
이삭토스트 효창공원앞역점,리얼 양념치킨,"맑음, 따뜻함",6000
이삭토스트 효창공원앞역점,감자 스페셜,"맑음, 따뜻함",6000
이삭토스트 효창공원앞역점,치킨 스페셜,"맑음, 따뜻함",6000
이삭토스트 효창공원앞역점,포테이토 팝(시즈닝),"맑음, 따뜻함",4000
이삭토스트 효창공원앞역점,포테이토 팝,"맑음, 따뜻함",4000
이삭토스트 효창공원앞역점,치즈 팝,"맑음, 따뜻함",4000
이삭토스트 효창공원앞역점,라구 포테이토 팝,"맑음, 따뜻함",4000
이삭토스트 효창공원앞역점,어니언 포테이토 팝,"맑음, 따뜻함",4000
이삭토스트 효창공원앞역점,H.아메리카노,"맑음, 따뜻함",5000
이삭토스트 효창공원앞역점,I.아메리카노,"맑음, 따뜻함",5000
이삭토스트 효창공원앞역점,H.디카페인 아메리카노,"맑음, 따뜻함",5000
이삭토스트 효창공원앞역점,I.디카페인 아메리카노,"맑음, 따뜻함",5000
이삭토스트 효창공원앞역점,아이스티,"맑음, 따뜻함",5000
이삭토스트 효창공원앞역점,콜라(캔) 355ml,"맑음, 따뜻함",2000
이삭토스트 효창공원앞역점,제로 콜라(캔) 355ml,"맑음, 따뜻함",2000
이삭토스트 효창공원앞역점,사이다(캔) 355ml,"맑음, 따뜻함",2000
이삭토스트 효창공원앞역점,제로 사이다(캔) 355ml,"맑음, 따뜻함",2000
이삭토스트 효창공원앞역점,오렌지주스,"맑음, 따뜻함",5000
이삭토스트 효창공원앞역점,생수,"맑음, 따뜻함",1000
찰찰보리식빵 효창공원점,블루베리식빵,"맑음, 따뜻함",4000
찰찰보리식빵 효창공원점,호두호밀식빵,"맑음, 따뜻함",4000
찰찰보리식빵 효창공원점,생크림식빵,"맑음, 따뜻함",4000
찰찰보리식빵 효창공원점,마늘식빵,"맑음, 따뜻함",4000
찰찰보리식빵 효창공원점,곡물식빵,"맑음, 따뜻함",4000
찰찰보리식빵 효창공원점,우유찰보리식빵,"맑음, 따뜻함",4000
찰찰보리식빵 효창공원점,고구마크림치즈식빵,"맑음, 따뜻함",4000
찰찰보리식빵 효창공원점,초코식빵,"맑음, 따뜻함",4000
찰찰보리식빵 효창공원점,단호박콩식빵,"맑음, 따뜻함",4000
찰찰보리식빵 효창공원점,알밤식빵,"맑음, 따뜻함",4000
찰찰보리식빵 효창공원점,크림치즈식빵,"맑음, 따뜻함",4000
찰찰보리식빵 효창공원점,찹쌀쫄깃식빵,"맑음, 따뜻함",4000
서로하,더블 초코스틱 곰돌이 휘낭시에🐻,"맑음, 따뜻함",3000
서로하,플레인 초코스틱 곰돌이 휘낭시에🐻,"맑음, 따뜻함",3000
서로하,휘러스크,"맑음, 따뜻함",3000
서로하,쑥크럼블휘낭시에,"맑음, 따뜻함",3000
서로하,호지 휘낭시에,"맑음, 따뜻함",3000
서로하,플레인 휘낭시에,"맑음, 따뜻함",3000
서로하,얼그레이 휘낭시에,"맑음, 따뜻함",3000
서로하,츄러스 휘낭시에,"맑음, 따뜻함",3000
서로하,로투스 휘낭시에,"맑음, 따뜻함",3000
서로하,소보루황치즈 휘낭시에,"맑음, 따뜻함",3000
서로하,바질토마토 휘낭시에,"맑음, 따뜻함",3000
서로하,피넛카라멜 휘낭시에,"맑음, 따뜻함",3000
서로하,카페크리스피 휘낭시에,"맑음, 따뜻함",3000
서로하,솔티카라멜 휘낭시에,"맑음, 따뜻함",3000
서로하,무화과크림치즈 휘낭시에,"맑음, 따뜻함",3000
빅리터,B 빅 아메리카노(4샷)(1L),"맑음, 따뜻함",7000
빅리터,B 대만흑당버블티(인기메뉴)(1L 펄O),"맑음, 따뜻함",9000
빅리터,B 수제 생크림 와플 누텔라(인기메뉴),"맑음, 따뜻함",5000
빅리터,B 카야버터 토스트(인기메뉴),"맑음, 따뜻함",6000
빅리터,래미안 첼리투스,"맑음, 따뜻함",8000
빅리터,이촌한강공원,"맑음, 따뜻함",8000
빅리터,7층 이상(엘베X),"맑음, 따뜻함",8000
빅리터,B 빅 아메리카노(4샷),"맑음, 따뜻함",7000
빅리터,B 자두스무디,"맑음, 따뜻함",8000
빅리터,B 자바칩 프라페,"맑음, 따뜻함",8000
빅리터,B 얼음동동 미숫가루,"맑음, 따뜻함",8000
빅리터,B 천혜향 스무디,"맑음, 따뜻함",8000
빅리터,B 빅 아메리카노(4샷)(1L),"맑음, 따뜻함",7000
빅리터,B 헤이즐넛아메리카노(1L),"맑음, 따뜻함",7000
빅리터,B 대만흑당 아메리카노(1L),"맑음, 따뜻함",7000
빅리터,B 카페라떼(4샷)(1L),"맑음, 따뜻함",8000
빅리터,B 바닐라 라떼(1L),"맑음, 따뜻함",8000
빅리터,B 리얼베리 라떼(1L),"맑음, 따뜻함",8000
빅리터,B 리얼 딸기 라떼(인기메뉴)(1L),"맑음, 따뜻함",9000
빅리터,B 아빠는 딸바보 (딸바)(1L),"맑음, 따뜻함",8000
빅리터,B 리얼믹스베리 바나나(1L),"맑음, 따뜻함",8000
빅리터,B 리얼 초코 라떼(1L),"맑음, 따뜻함",8000
빅리터,B 자두 스무디(인기메뉴)(1L),"맑음, 따뜻함",8000
빅리터,B 복숭아 스무디,"맑음, 따뜻함",7000
빅리터,B 탱크보이(배) 스무디(1L),"맑음, 따뜻함",8000
빅리터,B 파인애플 스무디(1L),"맑음, 따뜻함",8000
빅리터,B 딸기 스무디(1L),"맑음, 따뜻함",8000
빅리터,B 죠리퐁 프라페(인기메뉴)(1L),"맑음, 따뜻함",8000
빅리터,B 민트초코 프라페(1L),"맑음, 따뜻함",8000
빅리터,B 자바칩 프라페(1L),"맑음, 따뜻함",8000
빅리터,B 리얼초코 프라페(1L),"맑음, 따뜻함",8000
빅리터,B 쿠앤크 초코 프라페(1L),"맑음, 따뜻함",8000
빅리터,B 대만흑당버블티(인기메뉴)(1L 펄O),"맑음, 따뜻함",9000
빅리터,B얼그레이밀크티(1L(펄X)),"맑음, 따뜻함",8000
빅리터,B얼그레이밀크티(1L(펄O)),"맑음, 따뜻함",9000
빅리터,B 아쌈홍차밀크티(1L(펄X)),"맑음, 따뜻함",8000
빅리터,B 아쌈홍차밀크티(1L(펄O)),"맑음, 따뜻함",9000
빅리터,B 체리콕(인기메뉴)(1L),"맑음, 따뜻함",8000
빅리터,B리얼베리 에이드(1L),"맑음, 따뜻함",8000
빅리터,B 청포도 에이드(1L),"맑음, 따뜻함",8000
빅리터,B 체리 에이드(1L),"맑음, 따뜻함",8000
빅리터,B 오렌지 에이드(1L),"맑음, 따뜻함",8000
빅리터,B 복숭아 아이스티(1L),"맑음, 따뜻함",8000
빅리터,B 레몬 아이스티(1L),"맑음, 따뜻함",8000
빅리터,B 망고 주스(1L),"맑음, 따뜻함",8000
빅리터,B 사과 주스(1L),"맑음, 따뜻함",8000
빅리터,B 포도 주스(1L),"맑음, 따뜻함",8000
빅리터,B 카야버터 토스트(인기메뉴),"맑음, 따뜻함",6000
빅리터,B 카야치즈 토스트,"맑음, 따뜻함",6000
빅리터,B 카야 햄 버터 토스트(인기메뉴),"맑음, 따뜻함",6000
빅리터,B 카야 햄치즈 토스트,"맑음, 따뜻함",6000
빅리터,B 카야 햄치 버터 토스트,"맑음, 따뜻함",6000
빅리터,B 수제 생크림 와플 누텔라(인기메뉴),"맑음, 따뜻함",5000
빅리터,B 수제생크림 와플 누텔라바나나,"맑음, 따뜻함",5000
빅리터,B 수제 생크림와플 애플잼 (인기메뉴),"맑음, 따뜻함",5000
빅리터,B 수제 생크림와플 애플시나몬,"맑음, 따뜻함",5000
빅리터,B 수제 생크림와플 로투스,"맑음, 따뜻함",5000
빅리터,B 악마의 누텔라 케익(인기메뉴),"맑음, 따뜻함",5000
빅리터,B 뚱 솔티드캬라멜 (인기메뉴),"맑음, 따뜻함",4000
빅리터,B 뚱 쿠앤크크림치즈(인기메뉴),"맑음, 따뜻함",4000
빅리터,B 뚱 딸기 요거트(인기메뉴),"맑음, 따뜻함",4000
빅리터,B 뚱 황치즈,"맑음, 따뜻함",4000
빅리터,B 뚱 다크초콜릿,"맑음, 따뜻함",4000
피자마루 용산효창공원점,[NEW] 레드콘 피자,"맑음, 따뜻함",12000
피자마루 용산효창공원점,페퍼로니 치즈폭탄 피자(L),"맑음, 따뜻함",13000
피자마루 용산효창공원점,바이트 포테이토 피자(L),"맑음, 따뜻함",13000
피자마루 용산효창공원점,몬스터 불고기 피자(L),"맑음, 따뜻함",13000
피자마루 용산효창공원점,골드 콤비네이션 피자(L),"맑음, 따뜻함",13000
피자마루 용산효창공원점,[NEW] 레드콘 피자,"맑음, 따뜻함",12000
피자마루 용산효창공원점,[NEW] 골드 레드콘 피자,"맑음, 따뜻함",13000
피자마루 용산효창공원점,[NEW] 바이트 레드콘 피자,"맑음, 따뜻함",13000
피자마루 용산효창공원점,[NEW] 몬스터 레드콘 피자,"맑음, 따뜻함",13000
피자마루 용산효창공원점,나혼자 1인 피자(25cm) 세트,"맑음, 따뜻함",10000
피자마루 용산효창공원점,1인 피자 (25cm) 2판 세트,"맑음, 따뜻함",13000
피자마루 용산효창공원점,반반피자,"맑음, 따뜻함",12000
피자마루 용산효창공원점,리얼 시카고 오리지날 피자,"맑음, 따뜻함",13000
피자마루 용산효창공원점,페퍼로니 치즈폭탄 피자(L),"맑음, 따뜻함",13000
피자마루 용산효창공원점,500g 치즈폭탄 피자,"맑음, 따뜻함",13000
피자마루 용산효창공원점,크레이지 불새 피자(L),"맑음, 따뜻함",13000
피자마루 용산효창공원점,몬스터 아메리칸 체다 피자,"맑음, 따뜻함",13000
피자마루 용산효창공원점,몬스터 흑마늘 불고기 피자,"맑음, 따뜻함",13000
피자마루 용산효창공원점,몬스터 명란크림쉬림프 피자,"맑음, 따뜻함",13000
피자마루 용산효창공원점,몬스터 투움바 피자,"맑음, 따뜻함",13000
피자마루 용산효창공원점,몬스터 바비큐 치킨 피자,"맑음, 따뜻함",13000
피자마루 용산효창공원점,골드 아메리칸 체다 피자,"맑음, 따뜻함",13000
피자마루 용산효창공원점,골드 흑마늘 불고기 피자,"맑음, 따뜻함",13000
피자마루 용산효창공원점,골드 명란크림쉬림프 피자,"맑음, 따뜻함",13000
피자마루 용산효창공원점,골드 고추마요 치킨 피자,"맑음, 따뜻함",13000
피자마루 용산효창공원점,골드 돼지불백 피자,"맑음, 따뜻함",13000
피자마루 용산효창공원점,바이트 아메리칸 체다 피자,"맑음, 따뜻함",12000
피자마루 용산효창공원점,바이트 흑마늘 불고기 피자,"맑음, 따뜻함",12000
피자마루 용산효창공원점,바이트 명란크림 쉬림프 피자,"맑음, 따뜻함",12000
피자마루 용산효창공원점,바이트 고추마요 치킨 피자,"맑음, 따뜻함",12000
피자마루 용산효창공원점,바이트 돼지불백 피자,"맑음, 따뜻함",12000
피자마루 용산효창공원점,라지+라지 대박세트 1,"맑음, 따뜻함",13000
피자마루 용산효창공원점,라지+라지 대박세트 2,"맑음, 따뜻함",13000
피자마루 용산효창공원점,라지+라지 대박세트 3,"맑음, 따뜻함",13000
피자마루 용산효창공원점,트리플 대박세트,"맑음, 따뜻함",13000
피자마루 용산효창공원점,마루 클래식 세트,"맑음, 따뜻함",13000
피자마루 용산효창공원점,마루 프리미엄 세트,"맑음, 따뜻함",13000
피자마루 용산효창공원점,투탑박스 1,"맑음, 따뜻함",13000
피자마루 용산효창공원점,투탑박스 2,"맑음, 따뜻함",13000
피자마루 용산효창공원점,투탑박스 3,"맑음, 따뜻함",13000
피자마루 용산효창공원점,아메리칸 체다 피자,"맑음, 따뜻함",12000
피자마루 용산효창공원점,흑마늘 불고기 피자,"맑음, 따뜻함",12000
피자마루 용산효창공원점,명란크림쉬림프 피자,"맑음, 따뜻함",12000
피자마루 용산효창공원점,고추마요 치킨 피자,"맑음, 따뜻함",12000
피자마루 용산효창공원점,돼지불백 피자,"맑음, 따뜻함",12000
피자마루 용산효창공원점,점보 페퍼로니 피자(XXXL (18인치)),"맑음, 따뜻함",13000
피자마루 용산효창공원점,로제떡볶이,"맑음, 따뜻함",10000
피자마루 용산효창공원점,명란크림 스파게티,"맑음, 따뜻함",10000
피자마루 용산효창공원점,투움바 스파게티,"맑음, 따뜻함",10000
피자마루 용산효창공원점,불닭발(무뼈닭발),"맑음, 따뜻함",12000
피자마루 용산효창공원점,마떡,"맑음, 따뜻함",10000
피자마루 용산효창공원점,콜라 중,"맑음, 따뜻함",2000
피자마루 용산효창공원점,콜라 대,"맑음, 따뜻함",3000
피자마루 용산효창공원점,사이다 중,"맑음, 따뜻함",2000
피자마루 용산효창공원점,사이다 대,"맑음, 따뜻함",3000
피자마루 용산효창공원점,제로콜라 중,"맑음, 따뜻함",2000
피자마루 용산효창공원점,핫소스(2개),"맑음, 따뜻함",500
피자마루 용산효창공원점,치즈가루(1개),"맑음, 따뜻함",500
피자마루 용산효창공원점,갈릭디핑소스(1개),"맑음, 따뜻함",500
피자마루 용산효창공원점,피클(1개),"맑음, 따뜻함",500
피자마루 용산효창공원점,딸기쨈(1회용)(1개),"맑음, 따뜻함",500
투다리 효창점,닭산적,"맑음, 따뜻함",9000
투다리 효창점,김치우동,"맑음, 따뜻함",10000
투다리 효창점,투다리모둠오뎅,"맑음, 따뜻함",10000
투다리 효창점,교자전골,"맑음, 따뜻함",11000
투다리 효창점,투다리 부대찌개,"맑음, 따뜻함",11000
투다리 효창점,어묵매운탕,"맑음, 따뜻함",10000
투다리 효창점,대창전골,"맑음, 따뜻함",12000
투다리 효창점,돈꼬츠 어묵탕,"맑음, 따뜻함",10000
투다리 효창점,칼칼비지락 유부많이탕,"맑음, 따뜻함",10000
투다리 효창점,알탕,"맑음, 따뜻함",10000
투다리 효창점,육포품은 먹태,"맑음, 따뜻함",12000
투다리 효창점,먹태,"맑음, 따뜻함",10000
투다리 효창점,반건오징어,"맑음, 따뜻함",9000
투다리 효창점,한치,"맑음, 따뜻함",9000
투다리 효창점,노가리,"맑음, 따뜻함",9000
이디야커피 용산효창점,카페 아메리카노,"맑음, 따뜻함",5000
이디야커피 용산효창점,카페 라떼,"맑음, 따뜻함",5500
이디야커피 용산효창점,토피 넛 라떼,"맑음, 따뜻함",5500
이디야커피 용산효창점,바닐라 라떼,"맑음, 따뜻함",5500